<Topology _type="Topology">
  <id>11d8d892-0d71-41a7-b4e5-131175312aa2</id>
  <groupId>com.hp.csa</groupId>
  <artifactId>90cefe95520bc74a01521b36d62617b7</artifactId>
  <version>1.0.0</version>
  <resources>
    <id>e292f066-22ac-f526-887a-dcf07b887e5a</id>
    <name>MySQL Pre-baked Existing Server</name>
    <componentType>
      <groupId>com.hp.csa.type</groupId>
      <artifactId>MySQLPre-bakedExistingServer_6ae9d5704db542629d95ba990089b907</artifactId>
      <version>1</version>
    </componentType>
    <properties>
      <PASSWORD>
        <value>ENC(I850dQp5UVfeg1pG9I9n/9kb9kQJjI/8)</value>
        <type>string_encrypted</type>
      </PASSWORD>
      <_enable_modify_during_lifecycle_properties>
        <value></value>
        <type>string</type>
      </_enable_modify_during_lifecycle_properties>
      <response>
        <value/>
        <type>string</type>
      </response>
      <_modifiable_properties>
        <value></value>
        <type>string</type>
      </_modifiable_properties>
      <HOST-FQDN>
        <value>16.78.123.140</value>
        <type>string</type>
      </HOST-FQDN>
      <IPADDRESS>
        <value>16.78.123.140</value>
        <type>string</type>
      </IPADDRESS>
      <USERNAME>
        <value>root</value>
        <type>string</type>
      </USERNAME>
      <INSTANCE-ID>
        <value/>
        <type>string</type>
      </INSTANCE-ID>
      <SSHPORT>
        <value/>
        <type>string</type>
      </SSHPORT>
      <PRIVATEKEY>
        <value/>
        <type>string</type>
      </PRIVATEKEY>
      <TIMEOUT>
        <value>90000</value>
        <type>string</type>
      </TIMEOUT>
      <Result>
        <value/>
        <type>string</type>
      </Result>
    </properties>
    <tags>
      <uniqueName>
        <value>MySQLPre-bakedEx0001</value>
      </uniqueName>
      <displayName>
        <value>e292f066-22ac-f526-887a-dcf07b887e5a</value>
      </displayName>
      <x>
        <value>546</value>
      </x>
      <description>
        <value>MySQL Prebaked Existing Server Component</value>
      </description>
      <y>
        <value>151</value>
      </y>
    </tags>
  </resources>
  <displayName>MySQL Prebaked Server</displayName>
  <revision>14</revision>
  <iconUrl>/csa/images/library/mysql.png</iconUrl>
  <tags>
    <serviceBlueprintId>
      <value>90cefe95520bc74a01521b36d6fe17bf</value>
    </serviceBlueprintId>
    <providerType>
      <value>independent</value>
    </providerType>
  </tags>
  <createdOn>1452155524672</createdOn>
  <updatedOn>1455788232269</updatedOn>
  <state>UNLOCKED</state>
  <hidden>false</hidden>
  <bound>false</bound>
  <partial>false</partial>
</Topology>