{
  "@type" : "ComponentTemplate",
  "id" : "136dde9c-6eef-4741-9bf0-9162f31a6cee",
  "artifactId" : "LibraryIntegrationsHewlettPackardCloudServiceAutomationComponentsHPOOPetClinicDBConfiguration4200000",
  "groupId" : "com.hp.csa.template.HPOO",
  "version" : "4.20.0000",
  "displayName" : "PetClinic DB Configuration",
  "implementedTypes" : [ {
    "componentId" : {
      "artifactId" : "LibraryIntegrationsHewlettPackardCloudServiceAutomationComponentsHPOOPetClinicDBConfiguration4200000",
      "groupId" : "com.hp.csa.type.HPOO",
      "version" : "4.20.0000"
    },
    "constraints" : { }
  } ],
  "providerType" : "HPOO",
  "actions" : [ {
    "actionDescriptor" : {
      "name" : "deploy",
      "displayName" : "Deploy PetclinicDB",
      "description" : "<pre>DB\n\nPetclinic is a sample 2 tier application \n\nPetclinicDB is the database component of the Petclinic application. It use MySQL DB\nThis flow configures MySQL to work with Petclinic web tier. \n\n\nInput Parameters\nartifactusername - The user name for downloading the configuration file\nartifactpassword - The password for downloading the configuration file\nhostname - IP of thehost  machine on which mysql db is installed\nusername - username of the host machine where the mysql db is installed \npassword -password of the host machine where the mysql db is installed\nmysqlusername- mysql database username on host machine\nmysqlpassword-  mysql database password\nport - DB port\nconfigurationurl - The URL to the configuration scripts\nservicecommand - Path for db script to restart service\nremotefilepath - The remote location where the artifacts and configuration files will be copied\nprivatekeyPath - PrivateKey path used for AWS\nLIFECYCLE_PHASE\n\nOutput Parameters\nhostname - IP of thehost  machine on which mysql db is ins",
      "inputParameters" : [ {
        "name" : "artifactpassword",
        "displayName" : "artifactpassword",
        "required" : false,
        "confidential" : true,
        "displayNames" : {
          "en-US" : {
            "value" : "artifactpassword"
          }
        },
        "descriptions" : { },
        "type" : "string"
      }, {
        "name" : "artifactusername",
        "displayName" : "artifactusername",
        "required" : false,
        "confidential" : false,
        "displayNames" : {
          "en-US" : {
            "value" : "artifactusername"
          }
        },
        "descriptions" : { },
        "type" : "string"
      }, {
        "name" : "configurationurl",
        "displayName" : "configurationurl",
        "required" : true,
        "confidential" : false,
        "displayNames" : {
          "en-US" : {
            "value" : "configurationurl"
          }
        },
        "descriptions" : { },
        "type" : "string"
      }, {
        "name" : "hostname",
        "displayName" : "hostname",
        "required" : true,
        "confidential" : false,
        "displayNames" : {
          "en-US" : {
            "value" : "hostname"
          }
        },
        "descriptions" : { },
        "type" : "string"
      }, {
        "name" : "mysqlpassword",
        "displayName" : "mysqlpassword",
        "required" : true,
        "confidential" : true,
        "displayNames" : {
          "en-US" : {
            "value" : "mysqlpassword"
          }
        },
        "descriptions" : { },
        "type" : "string"
      }, {
        "name" : "mysqlusername",
        "displayName" : "mysqlusername",
        "required" : true,
        "confidential" : false,
        "displayNames" : {
          "en-US" : {
            "value" : "mysqlusername"
          }
        },
        "descriptions" : { },
        "type" : "string"
      }, {
        "name" : "password",
        "displayName" : "password",
        "required" : true,
        "confidential" : true,
        "displayNames" : {
          "en-US" : {
            "value" : "password"
          }
        },
        "descriptions" : { },
        "type" : "string"
      }, {
        "name" : "port",
        "displayName" : "port",
        "required" : true,
        "confidential" : false,
        "displayNames" : {
          "en-US" : {
            "value" : "port"
          }
        },
        "descriptions" : { },
        "type" : "string"
      }, {
        "name" : "privatekeyPath",
        "displayName" : "privatekeyPath",
        "required" : false,
        "confidential" : false,
        "displayNames" : {
          "en-US" : {
            "value" : "privatekeyPath"
          }
        },
        "descriptions" : { },
        "type" : "string"
      }, {
        "name" : "remotefilepath",
        "displayName" : "remotefilepath",
        "required" : true,
        "confidential" : false,
        "displayNames" : {
          "en-US" : {
            "value" : "remotefilepath"
          }
        },
        "descriptions" : { },
        "type" : "string"
      }, {
        "name" : "servicecommand",
        "displayName" : "servicecommand",
        "required" : true,
        "confidential" : false,
        "displayNames" : {
          "en-US" : {
            "value" : "servicecommand"
          }
        },
        "descriptions" : { },
        "type" : "string"
      }, {
        "name" : "username",
        "displayName" : "username",
        "required" : true,
        "confidential" : false,
        "displayNames" : {
          "en-US" : {
            "value" : "username"
          }
        },
        "descriptions" : { },
        "type" : "string"
      } ],
      "outputParameters" : [ {
        "name" : "hostname",
        "displayName" : "hostname",
        "required" : false,
        "confidential" : false,
        "displayNames" : {
          "en-US" : {
            "value" : "hostname"
          }
        },
        "descriptions" : { },
        "type" : "string"
      }, {
        "name" : "password",
        "displayName" : "password",
        "required" : false,
        "confidential" : false,
        "displayNames" : {
          "en-US" : {
            "value" : "password"
          }
        },
        "descriptions" : { },
        "type" : "string"
      }, {
        "name" : "response",
        "displayName" : "response",
        "required" : false,
        "confidential" : false,
        "displayNames" : {
          "en-US" : {
            "value" : "response"
          }
        },
        "descriptions" : { },
        "type" : "string"
      }, {
        "name" : "username",
        "displayName" : "username",
        "required" : false,
        "confidential" : false,
        "displayNames" : {
          "en-US" : {
            "value" : "username"
          }
        },
        "descriptions" : { },
        "type" : "string"
      } ],
      "lifecycleAction" : "Deploy",
      "final" : false,
      "visible" : false,
      "displayNames" : {
        "en-US" : {
          "value" : "Deploy PetclinicDB"
        }
      },
      "descriptions" : {
        "en-US" : {
          "value" : "<pre>DB\n\nPetclinic is a sample 2 tier application \n\nPetclinicDB is the database component of the Petclinic application. It use MySQL DB\nThis flow configures MySQL to work with Petclinic web tier. \n\n\nInput Parameters\nartifactusername - The user name for downloading the configuration file\nartifactpassword - The password for downloading the configuration file\nhostname - IP of thehost  machine on which mysql db is installed\nusername - username of the host machine where the mysql db is installed \npassword -password of the host machine where the mysql db is installed\nmysqlusername- mysql database username on host machine\nmysqlpassword-  mysql database password\nport - DB port\nconfigurationurl - The URL to the configuration scripts\nservicecommand - Path for db script to restart service\nremotefilepath - The remote location where the artifacts and configuration files will be copied\nprivatekeyPath - PrivateKey path used for AWS\nLIFECYCLE_PHASE\n\nOutput Parameters\nhostname - IP of thehost  machine on which mysql db is ins"
        }
      }
    },
    "processEngineDescriptors" : [ {
      "processEngineId" : "HP_OO",
      "mapping" : {
        "input" : {
          "configurationurl" : "@PROPERTY:configurationurl",
          "artifactusername" : "@PROPERTY:artifactusername",
          "hostname" : "@PROPERTY:getDatabaseInfo_LibraryIntegrationsHewlettPackardCloudServiceAutomationComponentsHPOOPetClinicDBConfiguration4200000__VERSION__4^20^0000.hostname",
          "password" : "@PROPERTY:getDatabaseInfo_LibraryIntegrationsHewlettPackardCloudServiceAutomationComponentsHPOOPetClinicDBConfiguration4200000__VERSION__4^20^0000.password",
          "artifactpassword" : "@PROPERTY:artifactpassword",
          "port" : "@PROPERTY:port",
          "mysqlusername" : "@PROPERTY:mysqlusername",
          "privatekeyPath" : "@PROPERTY:privatekeyPath",
          "remotefilepath" : "@PROPERTY:remotefilepath",
          "servicecommand" : "@PROPERTY:servicecommand",
          "mysqlpassword" : "@PROPERTY:mysqlpassword",
          "username" : "@PROPERTY:getDatabaseInfo_LibraryIntegrationsHewlettPackardCloudServiceAutomationComponentsHPOOPetClinicDBConfiguration4200000__VERSION__4^20^0000.username"
        },
        "output" : {
          "hostname" : "@PROPERTY:hostname",
          "password" : "@PROPERTY:password",
          "response" : "@PROPERTY:response",
          "username" : "@PROPERTY:username"
        }
      },
      "executableId" : "71f48c67-fd35-43ab-9ea2-78c614bf290b"
    } ]
  }, {
    "actionDescriptor" : {
      "name" : "undeploy",
      "displayName" : "Undeploy PetclinicDB",
      "description" : "<pre>\nA place holder flow for undeploy of this component.\n\nInputs:  \n    LIFECYCLE_PHASE - Lifecycle phase property indicate the component tool that this will be the undeploying flow\n\nOutputs:   \n    response - The flow operation status 'success' or 'failure'\n</pre>",
      "inputParameters" : [ ],
      "outputParameters" : [ ],
      "lifecycleAction" : "Undeploy",
      "final" : false,
      "visible" : false,
      "displayNames" : {
        "en-US" : {
          "value" : "Undeploy PetclinicDB"
        }
      },
      "descriptions" : {
        "en-US" : {
          "value" : "<pre>\nA place holder flow for undeploy of this component.\n\nInputs:  \n    LIFECYCLE_PHASE - Lifecycle phase property indicate the component tool that this will be the undeploying flow\n\nOutputs:   \n    response - The flow operation status 'success' or 'failure'\n</pre>"
        }
      }
    },
    "processEngineDescriptors" : [ {
      "processEngineId" : "HP_OO",
      "mapping" : {
        "input" : { },
        "output" : { }
      },
      "executableId" : "900c6d7a-866e-4bdd-be2b-3909e80a724d"
    } ]
  } ],
  "relations" : [ ],
  "properties" : [ ],
  "revision" : 11,
  "displayNames" : {
    "en-US" : {
      "value" : "PetClinic DB Configuration"
    }
  },
  "descriptions" : { }
}