{
  "@type" : "ComponentType",
  "id" : "f97522e4-becc-4411-9d57-582a7cac47f8",
  "groupId" : "com.hp.csa.type.HPOO",
  "artifactId" : "LibraryIntegrationsHewlettPackardCloudServiceAutomationComponentsHPOOPetClinicDBConfiguration4200000",
  "version" : "4.20.0000",
  "abstract" : false,
  "capability" : false,
  "actions" : [ {
    "name" : "deploy",
    "displayName" : "Deploy PetclinicDB",
    "description" : "<pre>DB\n\nPetclinic is a sample 2 tier application \n\nPetclinicDB is the database component of the Petclinic application. It use MySQL DB\nThis flow configures MySQL to work with Petclinic web tier. \n\n\nInput Parameters\nartifactusername - The user name for downloading the configuration file\nartifactpassword - The password for downloading the configuration file\nhostname - IP of thehost  machine on which mysql db is installed\nusername - username of the host machine where the mysql db is installed \npassword -password of the host machine where the mysql db is installed\nmysqlusername- mysql database username on host machine\nmysqlpassword-  mysql database password\nport - DB port\nconfigurationurl - The URL to the configuration scripts\nservicecommand - Path for db script to restart service\nremotefilepath - The remote location where the artifacts and configuration files will be copied\nprivatekeyPath - PrivateKey path used for AWS\nLIFECYCLE_PHASE\n\nOutput Parameters\nhostname - IP of thehost  machine on which mysql db is ins",
    "inputParameters" : [ {
      "name" : "artifactpassword",
      "displayName" : "artifactpassword",
      "required" : false,
      "confidential" : true,
      "displayNames" : {
        "en-US" : {
          "value" : "artifactpassword"
        }
      },
      "descriptions" : { },
      "type" : "string"
    }, {
      "name" : "artifactusername",
      "displayName" : "artifactusername",
      "required" : false,
      "confidential" : false,
      "displayNames" : {
        "en-US" : {
          "value" : "artifactusername"
        }
      },
      "descriptions" : { },
      "type" : "string"
    }, {
      "name" : "configurationurl",
      "displayName" : "configurationurl",
      "required" : true,
      "confidential" : false,
      "displayNames" : {
        "en-US" : {
          "value" : "configurationurl"
        }
      },
      "descriptions" : { },
      "type" : "string"
    }, {
      "name" : "hostname",
      "displayName" : "hostname",
      "required" : true,
      "confidential" : false,
      "displayNames" : {
        "en-US" : {
          "value" : "hostname"
        }
      },
      "descriptions" : { },
      "type" : "string"
    }, {
      "name" : "mysqlpassword",
      "displayName" : "mysqlpassword",
      "required" : true,
      "confidential" : true,
      "displayNames" : {
        "en-US" : {
          "value" : "mysqlpassword"
        }
      },
      "descriptions" : { },
      "type" : "string"
    }, {
      "name" : "mysqlusername",
      "displayName" : "mysqlusername",
      "required" : true,
      "confidential" : false,
      "displayNames" : {
        "en-US" : {
          "value" : "mysqlusername"
        }
      },
      "descriptions" : { },
      "type" : "string"
    }, {
      "name" : "password",
      "displayName" : "password",
      "required" : true,
      "confidential" : true,
      "displayNames" : {
        "en-US" : {
          "value" : "password"
        }
      },
      "descriptions" : { },
      "type" : "string"
    }, {
      "name" : "port",
      "displayName" : "port",
      "required" : true,
      "confidential" : false,
      "displayNames" : {
        "en-US" : {
          "value" : "port"
        }
      },
      "descriptions" : { },
      "type" : "string"
    }, {
      "name" : "privatekeyPath",
      "displayName" : "privatekeyPath",
      "required" : false,
      "confidential" : false,
      "displayNames" : {
        "en-US" : {
          "value" : "privatekeyPath"
        }
      },
      "descriptions" : { },
      "type" : "string"
    }, {
      "name" : "remotefilepath",
      "displayName" : "remotefilepath",
      "required" : true,
      "confidential" : false,
      "displayNames" : {
        "en-US" : {
          "value" : "remotefilepath"
        }
      },
      "descriptions" : { },
      "type" : "string"
    }, {
      "name" : "servicecommand",
      "displayName" : "servicecommand",
      "required" : true,
      "confidential" : false,
      "displayNames" : {
        "en-US" : {
          "value" : "servicecommand"
        }
      },
      "descriptions" : { },
      "type" : "string"
    }, {
      "name" : "username",
      "displayName" : "username",
      "required" : true,
      "confidential" : false,
      "displayNames" : {
        "en-US" : {
          "value" : "username"
        }
      },
      "descriptions" : { },
      "type" : "string"
    } ],
    "outputParameters" : [ {
      "name" : "hostname",
      "displayName" : "hostname",
      "required" : false,
      "confidential" : false,
      "displayNames" : {
        "en-US" : {
          "value" : "hostname"
        }
      },
      "descriptions" : { },
      "type" : "string"
    }, {
      "name" : "password",
      "displayName" : "password",
      "required" : false,
      "confidential" : false,
      "displayNames" : {
        "en-US" : {
          "value" : "password"
        }
      },
      "descriptions" : { },
      "type" : "string"
    }, {
      "name" : "response",
      "displayName" : "response",
      "required" : false,
      "confidential" : false,
      "displayNames" : {
        "en-US" : {
          "value" : "response"
        }
      },
      "descriptions" : { },
      "type" : "string"
    }, {
      "name" : "username",
      "displayName" : "username",
      "required" : false,
      "confidential" : false,
      "displayNames" : {
        "en-US" : {
          "value" : "username"
        }
      },
      "descriptions" : { },
      "type" : "string"
    } ],
    "lifecycleAction" : "Deploy",
    "final" : false,
    "visible" : false,
    "displayNames" : {
      "en-US" : {
        "value" : "Deploy PetclinicDB"
      }
    },
    "descriptions" : {
      "en-US" : {
        "value" : "<pre>DB\n\nPetclinic is a sample 2 tier application \n\nPetclinicDB is the database component of the Petclinic application. It use MySQL DB\nThis flow configures MySQL to work with Petclinic web tier. \n\n\nInput Parameters\nartifactusername - The user name for downloading the configuration file\nartifactpassword - The password for downloading the configuration file\nhostname - IP of thehost  machine on which mysql db is installed\nusername - username of the host machine where the mysql db is installed \npassword -password of the host machine where the mysql db is installed\nmysqlusername- mysql database username on host machine\nmysqlpassword-  mysql database password\nport - DB port\nconfigurationurl - The URL to the configuration scripts\nservicecommand - Path for db script to restart service\nremotefilepath - The remote location where the artifacts and configuration files will be copied\nprivatekeyPath - PrivateKey path used for AWS\nLIFECYCLE_PHASE\n\nOutput Parameters\nhostname - IP of thehost  machine on which mysql db is ins"
      }
    }
  }, {
    "name" : "undeploy",
    "displayName" : "Undeploy PetclinicDB",
    "description" : "<pre>\nA place holder flow for undeploy of this component.\n\nInputs:  \n    LIFECYCLE_PHASE - Lifecycle phase property indicate the component tool that this will be the undeploying flow\n\nOutputs:   \n    response - The flow operation status 'success' or 'failure'\n</pre>",
    "inputParameters" : [ ],
    "outputParameters" : [ ],
    "lifecycleAction" : "Undeploy",
    "final" : false,
    "visible" : false,
    "displayNames" : {
      "en-US" : {
        "value" : "Undeploy PetclinicDB"
      }
    },
    "descriptions" : {
      "en-US" : {
        "value" : "<pre>\nA place holder flow for undeploy of this component.\n\nInputs:  \n    LIFECYCLE_PHASE - Lifecycle phase property indicate the component tool that this will be the undeploying flow\n\nOutputs:   \n    response - The flow operation status 'success' or 'failure'\n</pre>"
      }
    }
  } ],
  "relations" : [ {
    "name" : "configureDB_LibraryIntegrationsHewlettPackardCloudServiceAutomationComponentsHPOOPetClinicDBConfiguration4200000__VERSION__4^20^0000",
    "relationType" : "association",
    "targetType" : {
      "componentId" : {
        "artifactId" : "Existing_Server_b9ce5335_9ba9_46b6_9591_ca18b73cabb6_e4595de7583849f29037184578e03cb8",
        "groupId" : "com.hp.csa.type",
        "version" : "1"
      },
      "constraints" : { }
    },
    "minOccursOnTarget" : 0,
    "maxOccursOnTarget" : 256,
    "minOccursOnSource" : 0,
    "maxOccursOnSource" : 1,
    "properties" : [ ],
    "displayName" : "configureDB",
    "displayNames" : {
      "en-US" : {
        "value" : "configureDB"
      }
    },
    "descriptions" : { }
  }, {
    "name" : "getDatabaseInfo_LibraryIntegrationsHewlettPackardCloudServiceAutomationComponentsHPOOPetClinicDBConfiguration4200000__VERSION__4^20^0000",
    "relationType" : "association",
    "targetType" : {
      "componentId" : {
        "artifactId" : "DatabaseServer",
        "groupId" : "com.hp.csa.type",
        "version" : "1"
      },
      "constraints" : { }
    },
    "minOccursOnTarget" : 0,
    "maxOccursOnTarget" : 256,
    "minOccursOnSource" : 0,
    "maxOccursOnSource" : 1,
    "properties" : [ ],
    "displayName" : "getDatabaseServerInfo",
    "displayNames" : {
      "en-US" : {
        "value" : "getDatabaseServerInfo"
      }
    },
    "descriptions" : { }
  } ],
  "properties" : [ {
    "name" : "artifactpassword",
    "type" : "string",
    "minOccurs" : 0,
    "maxOccurs" : 1,
    "mode" : "INPUT_OUTPUT",
    "subProperties" : [ ],
    "displayName" : "artifactpassword",
    "confidential" : true,
    "tags" : {
      "{urn:x-hp:2013:software:ccue:designer:descriptor-schema}unitDescription" : null,
      "{urn:x-hp:2013:software:ccue:designer:descriptor-schema}validatorId" : null,
      "{urn:x-hp:2013:software:ccue:designer:descriptor-schema}tabSet" : "VIEW,EDIT",
      "maxLength" : "4000"
    },
    "consumerVisible" : false,
    "displayNames" : {
      "en-US" : {
        "value" : "artifactpassword"
      }
    },
    "descriptions" : { }
  }, {
    "name" : "artifactusername",
    "type" : "string",
    "minOccurs" : 0,
    "maxOccurs" : 1,
    "mode" : "INPUT_OUTPUT",
    "subProperties" : [ ],
    "displayName" : "artifactusername",
    "confidential" : false,
    "tags" : {
      "{urn:x-hp:2013:software:ccue:designer:descriptor-schema}unitDescription" : null,
      "{urn:x-hp:2013:software:ccue:designer:descriptor-schema}validatorId" : null,
      "{urn:x-hp:2013:software:ccue:designer:descriptor-schema}tabSet" : "VIEW,EDIT",
      "maxLength" : "4000"
    },
    "consumerVisible" : true,
    "displayNames" : {
      "en-US" : {
        "value" : "artifactusername"
      }
    },
    "descriptions" : { }
  }, {
    "name" : "configurationurl",
    "type" : "string",
    "minOccurs" : 1,
    "maxOccurs" : 1,
    "mode" : "INPUT_OUTPUT",
    "subProperties" : [ ],
    "displayName" : "configurationurl",
    "confidential" : false,
    "tags" : {
      "{urn:x-hp:2013:software:ccue:designer:descriptor-schema}unitDescription" : null,
      "{urn:x-hp:2013:software:ccue:designer:descriptor-schema}validatorId" : null,
      "{urn:x-hp:2013:software:ccue:designer:descriptor-schema}tabSet" : "VIEW,EDIT",
      "maxLength" : "4000"
    },
    "consumerVisible" : true,
    "displayNames" : {
      "en-US" : {
        "value" : "configurationurl"
      }
    },
    "descriptions" : { }
  }, {
    "name" : "hostname",
    "type" : "string",
    "minOccurs" : 0,
    "maxOccurs" : 1,
    "mode" : "INPUT_OUTPUT",
    "subProperties" : [ ],
    "displayName" : "hostname",
    "confidential" : false,
    "tags" : {
      "{urn:x-hp:2013:software:ccue:designer:descriptor-schema}unitDescription" : null,
      "{urn:x-hp:2013:software:ccue:designer:descriptor-schema}validatorId" : null,
      "{urn:x-hp:2013:software:ccue:designer:descriptor-schema}hidden" : "true",
      "{urn:x-hp:2013:software:ccue:designer:descriptor-schema}tabSet" : "VIEW,EDIT",
      "maxLength" : "4000"
    },
    "consumerVisible" : false,
    "displayNames" : {
      "en-US" : {
        "value" : "hostname"
      }
    },
    "descriptions" : { }
  }, {
    "name" : "mysqlpassword",
    "type" : "string",
    "minOccurs" : 1,
    "maxOccurs" : 1,
    "mode" : "INPUT_OUTPUT",
    "subProperties" : [ ],
    "displayName" : "mysqlpassword",
    "confidential" : true,
    "tags" : {
      "{urn:x-hp:2013:software:ccue:designer:descriptor-schema}unitDescription" : null,
      "{urn:x-hp:2013:software:ccue:designer:descriptor-schema}validatorId" : null,
      "{urn:x-hp:2013:software:ccue:designer:descriptor-schema}tabSet" : "VIEW,EDIT",
      "maxLength" : "4000"
    },
    "consumerVisible" : false,
    "displayNames" : {
      "en-US" : {
        "value" : "mysqlpassword"
      }
    },
    "descriptions" : { }
  }, {
    "name" : "mysqlusername",
    "type" : "string",
    "minOccurs" : 1,
    "maxOccurs" : 1,
    "mode" : "INPUT_OUTPUT",
    "subProperties" : [ ],
    "displayName" : "mysqlusername",
    "confidential" : false,
    "tags" : {
      "{urn:x-hp:2013:software:ccue:designer:descriptor-schema}unitDescription" : null,
      "{urn:x-hp:2013:software:ccue:designer:descriptor-schema}validatorId" : null,
      "{urn:x-hp:2013:software:ccue:designer:descriptor-schema}tabSet" : "VIEW,EDIT",
      "maxLength" : "4000"
    },
    "consumerVisible" : true,
    "displayNames" : {
      "en-US" : {
        "value" : "mysqlusername"
      }
    },
    "descriptions" : { }
  }, {
    "name" : "password",
    "type" : "string",
    "minOccurs" : 0,
    "maxOccurs" : 1,
    "mode" : "INPUT_OUTPUT",
    "subProperties" : [ ],
    "displayName" : "password",
    "confidential" : true,
    "tags" : {
      "{urn:x-hp:2013:software:ccue:designer:descriptor-schema}unitDescription" : null,
      "{urn:x-hp:2013:software:ccue:designer:descriptor-schema}validatorId" : null,
      "{urn:x-hp:2013:software:ccue:designer:descriptor-schema}hidden" : "true",
      "{urn:x-hp:2013:software:ccue:designer:descriptor-schema}tabSet" : "VIEW,EDIT",
      "maxLength" : "4000"
    },
    "consumerVisible" : false,
    "displayNames" : {
      "en-US" : {
        "value" : "password"
      }
    },
    "descriptions" : { }
  }, {
    "name" : "port",
    "type" : "string",
    "minOccurs" : 1,
    "maxOccurs" : 1,
    "mode" : "INPUT_OUTPUT",
    "defaultValue" : {
      "value" : "22",
      "type" : "string"
    },
    "subProperties" : [ ],
    "displayName" : "port",
    "confidential" : false,
    "tags" : {
      "{urn:x-hp:2013:software:ccue:designer:descriptor-schema}unitDescription" : null,
      "{urn:x-hp:2013:software:ccue:designer:descriptor-schema}validatorId" : null,
      "{urn:x-hp:2013:software:ccue:designer:descriptor-schema}tabSet" : "VIEW,EDIT",
      "maxLength" : "4000"
    },
    "consumerVisible" : true,
    "displayNames" : {
      "en-US" : {
        "value" : "port"
      }
    },
    "descriptions" : { }
  }, {
    "name" : "privatekeyPath",
    "type" : "string",
    "minOccurs" : 0,
    "maxOccurs" : 1,
    "mode" : "INPUT_OUTPUT",
    "subProperties" : [ ],
    "displayName" : "privatekeyPath",
    "confidential" : false,
    "tags" : {
      "{urn:x-hp:2013:software:ccue:designer:descriptor-schema}unitDescription" : null,
      "{urn:x-hp:2013:software:ccue:designer:descriptor-schema}validatorId" : null,
      "{urn:x-hp:2013:software:ccue:designer:descriptor-schema}hidden" : "true",
      "{urn:x-hp:2013:software:ccue:designer:descriptor-schema}tabSet" : "VIEW,EDIT",
      "maxLength" : "4000"
    },
    "consumerVisible" : false,
    "displayNames" : {
      "en-US" : {
        "value" : "privatekeyPath"
      }
    },
    "descriptions" : { }
  }, {
    "name" : "remotefilepath",
    "type" : "string",
    "minOccurs" : 1,
    "maxOccurs" : 1,
    "mode" : "INPUT_OUTPUT",
    "subProperties" : [ ],
    "displayName" : "remotefilepath",
    "confidential" : false,
    "tags" : {
      "{urn:x-hp:2013:software:ccue:designer:descriptor-schema}unitDescription" : null,
      "{urn:x-hp:2013:software:ccue:designer:descriptor-schema}validatorId" : null,
      "{urn:x-hp:2013:software:ccue:designer:descriptor-schema}tabSet" : "VIEW,EDIT",
      "maxLength" : "4000"
    },
    "consumerVisible" : true,
    "displayNames" : {
      "en-US" : {
        "value" : "remotefilepath"
      }
    },
    "descriptions" : { }
  }, {
    "name" : "response",
    "type" : "string",
    "minOccurs" : 0,
    "maxOccurs" : 1,
    "mode" : "INPUT_OUTPUT",
    "subProperties" : [ ],
    "displayName" : "response",
    "confidential" : false,
    "tags" : {
      "{urn:x-hp:2013:software:ccue:designer:descriptor-schema}unitDescription" : null,
      "{urn:x-hp:2013:software:ccue:designer:descriptor-schema}validatorId" : null,
      "{urn:x-hp:2013:software:ccue:designer:descriptor-schema}computed" : "true",
      "{urn:x-hp:2013:software:ccue:designer:descriptor-schema}hidden" : "true",
      "{urn:x-hp:2013:software:ccue:designer:descriptor-schema}tabSet" : "VIEW,EDIT",
      "maxLength" : "4000"
    },
    "consumerVisible" : true,
    "displayNames" : {
      "en-US" : {
        "value" : "response"
      }
    },
    "descriptions" : { }
  }, {
    "name" : "servicecommand",
    "type" : "string",
    "minOccurs" : 1,
    "maxOccurs" : 1,
    "mode" : "INPUT_OUTPUT",
    "subProperties" : [ ],
    "displayName" : "servicecommand",
    "confidential" : false,
    "tags" : {
      "{urn:x-hp:2013:software:ccue:designer:descriptor-schema}unitDescription" : null,
      "{urn:x-hp:2013:software:ccue:designer:descriptor-schema}validatorId" : null,
      "{urn:x-hp:2013:software:ccue:designer:descriptor-schema}tabSet" : "VIEW,EDIT",
      "maxLength" : "4000"
    },
    "consumerVisible" : true,
    "displayNames" : {
      "en-US" : {
        "value" : "servicecommand"
      }
    },
    "descriptions" : { }
  }, {
    "name" : "username",
    "type" : "string",
    "minOccurs" : 0,
    "maxOccurs" : 1,
    "mode" : "INPUT_OUTPUT",
    "subProperties" : [ ],
    "displayName" : "username",
    "confidential" : false,
    "tags" : {
      "{urn:x-hp:2013:software:ccue:designer:descriptor-schema}unitDescription" : null,
      "{urn:x-hp:2013:software:ccue:designer:descriptor-schema}validatorId" : null,
      "{urn:x-hp:2013:software:ccue:designer:descriptor-schema}hidden" : "true",
      "{urn:x-hp:2013:software:ccue:designer:descriptor-schema}tabSet" : "VIEW,EDIT",
      "maxLength" : "4000"
    },
    "consumerVisible" : false,
    "displayNames" : {
      "en-US" : {
        "value" : "username"
      }
    },
    "descriptions" : { }
  } ],
  "displayName" : "PetClinic DB Configuration",
  "capabilities" : [ ],
  "characteristics" : [ ],
  "tagIds" : [ "90cefe95520bc74a01521b9317981821" ],
  "revision" : 14,
  "resourceType" : "OO_COMPONENT",
  "tags" : {
    "origin" : "embraced:HPOO",
    "designer.name.uri" : "urn:x-hp:2013:software:ccue:designer:topology-metamodel:oo",
    "designer.name.localPart" : "LibraryIntegrationsHewlettPackardCloudServiceAutomationComponentsHPOOPetClinicDBConfiguration4200000__VERSION__4.20.0000",
    "iconUrl" : "/csa/api/blobstore/category-databases-bw.svg?tag=library"
  },
  "final" : false,
  "displayNames" : {
    "en-US" : {
      "value" : "PetClinic DB Configuration"
    }
  },
  "descriptions" : { }
}