{
  "@type" : "ComponentType",
  "id" : "a22516ee-ff82-4686-ad10-33056421f08f",
  "groupId" : "com.hp.csa.type.HPOO",
  "artifactId" : "PetClinicApplication4PartialDesign_bfccdc9dfdf14de788131fd7fdb80f0f",
  "version" : "1.50.0000",
  "abstract" : false,
  "capability" : false,
  "description" : "PetClinic Application for Partial Design",
  "actions" : [ {
    "name" : "deploy",
    "displayName" : "Deploy PetClinicApp",
    "description" : "<pre>Petclinic is a sample 2 -tier application\n\nPetClinicApp is the web tier component which runs on Tomcat. \nTheis flow copies the artifacts from jenkins to provisioned machine in the location where tomcat is installed.\nIt will deploy and and restart  the tomcat server\n\nInput Parameters\nlocalfilepath - file path to download war from\nartifacturl - Jenkins url\nartifactusername - User name for Jenkins\nartifactpassword - Password for Jenkins\nport - SFTP port. default is 22 \nremotefilepath - destination file path  \nservicecommand - script to install tomcat service\ndbhostname - DB host name\ndbusername - DB user name\ndbpassword - DB password\napphostname - application server h ost name\nhostusername - application server user name\nhostpassword - application server password\nprivatekeyPath - Private Key path used for ssh key pair based login\nconfigurationurl - The URL to the script that will install the PetClinic application.\ntomcathome - the tomcat home path\nmysqlusername - The MySQL database user name \n - Default user",
    "inputParameters" : [ {
      "name" : "apphostname",
      "displayName" : "apphostname",
      "required" : true,
      "confidential" : false,
      "displayNames" : {
        "en-US" : {
          "value" : "apphostname"
        }
      },
      "descriptions" : { },
      "type" : "string"
    }, {
      "name" : "artifactpassword",
      "displayName" : "artifactpassword",
      "required" : false,
      "confidential" : true,
      "displayNames" : {
        "en-US" : {
          "value" : "artifactpassword"
        }
      },
      "descriptions" : { },
      "type" : "string"
    }, {
      "name" : "artifacturl",
      "displayName" : "artifacturl",
      "required" : true,
      "confidential" : false,
      "displayNames" : {
        "en-US" : {
          "value" : "artifacturl"
        }
      },
      "descriptions" : { },
      "type" : "string"
    }, {
      "name" : "artifactusername",
      "displayName" : "artifactusername",
      "required" : false,
      "confidential" : false,
      "displayNames" : {
        "en-US" : {
          "value" : "artifactusername"
        }
      },
      "descriptions" : { },
      "type" : "string"
    }, {
      "name" : "configurationurl",
      "displayName" : "configurationurl",
      "required" : true,
      "confidential" : false,
      "displayNames" : {
        "en-US" : {
          "value" : "configurationurl"
        }
      },
      "descriptions" : { },
      "type" : "string"
    }, {
      "name" : "dbhostname",
      "displayName" : "dbhostname",
      "required" : true,
      "confidential" : false,
      "displayNames" : {
        "en-US" : {
          "value" : "dbhostname"
        }
      },
      "descriptions" : { },
      "type" : "string"
    }, {
      "name" : "dbpassword",
      "displayName" : "dbpassword",
      "required" : true,
      "confidential" : true,
      "displayNames" : {
        "en-US" : {
          "value" : "dbpassword"
        }
      },
      "descriptions" : { },
      "type" : "string"
    }, {
      "name" : "dbusername",
      "displayName" : "dbusername",
      "required" : true,
      "confidential" : false,
      "displayNames" : {
        "en-US" : {
          "value" : "dbusername"
        }
      },
      "descriptions" : { },
      "type" : "string"
    }, {
      "name" : "hostpassword",
      "displayName" : "hostpassword",
      "required" : true,
      "confidential" : true,
      "displayNames" : {
        "en-US" : {
          "value" : "hostpassword"
        }
      },
      "descriptions" : { },
      "type" : "string"
    }, {
      "name" : "hostusername",
      "displayName" : "hostusername",
      "required" : true,
      "confidential" : false,
      "displayNames" : {
        "en-US" : {
          "value" : "hostusername"
        }
      },
      "descriptions" : { },
      "type" : "string"
    }, {
      "name" : "localfilepath",
      "displayName" : "localfilepath",
      "required" : true,
      "confidential" : false,
      "displayNames" : {
        "en-US" : {
          "value" : "localfilepath"
        }
      },
      "descriptions" : { },
      "type" : "string"
    }, {
      "name" : "mysqlpassword",
      "displayName" : "mysqlpassword",
      "required" : true,
      "confidential" : true,
      "displayNames" : {
        "en-US" : {
          "value" : "mysqlpassword"
        }
      },
      "descriptions" : { },
      "type" : "string"
    }, {
      "name" : "mysqlusername",
      "displayName" : "mysqlusername",
      "required" : true,
      "confidential" : false,
      "displayNames" : {
        "en-US" : {
          "value" : "mysqlusername"
        }
      },
      "descriptions" : { },
      "type" : "string"
    }, {
      "name" : "port",
      "displayName" : "port",
      "required" : true,
      "confidential" : false,
      "displayNames" : {
        "en-US" : {
          "value" : "port"
        }
      },
      "descriptions" : { },
      "type" : "string"
    }, {
      "name" : "privatekeyPath",
      "displayName" : "privatekeyPath",
      "required" : false,
      "confidential" : false,
      "displayNames" : {
        "en-US" : {
          "value" : "privatekeyPath"
        }
      },
      "descriptions" : { },
      "type" : "string"
    }, {
      "name" : "remotefilepath",
      "displayName" : "remotefilepath",
      "required" : true,
      "confidential" : false,
      "displayNames" : {
        "en-US" : {
          "value" : "remotefilepath"
        }
      },
      "descriptions" : { },
      "type" : "string"
    }, {
      "name" : "servicecommand",
      "displayName" : "servicecommand",
      "required" : true,
      "confidential" : false,
      "displayNames" : {
        "en-US" : {
          "value" : "servicecommand"
        }
      },
      "descriptions" : { },
      "type" : "string"
    }, {
      "name" : "tomcathome",
      "displayName" : "tomcathome",
      "required" : true,
      "confidential" : false,
      "displayNames" : {
        "en-US" : {
          "value" : "tomcathome"
        }
      },
      "descriptions" : { },
      "type" : "string"
    } ],
    "outputParameters" : [ {
      "name" : "apphostname",
      "displayName" : "apphostname",
      "required" : false,
      "confidential" : false,
      "displayNames" : {
        "en-US" : {
          "value" : "apphostname"
        }
      },
      "descriptions" : { },
      "type" : "string"
    }, {
      "name" : "response",
      "displayName" : "response",
      "required" : false,
      "confidential" : false,
      "displayNames" : {
        "en-US" : {
          "value" : "response"
        }
      },
      "descriptions" : { },
      "type" : "string"
    } ],
    "lifecycleAction" : "Deploy",
    "final" : false,
    "visible" : false,
    "displayNames" : {
      "en-US" : {
        "value" : "Deploy PetClinicApp"
      }
    },
    "descriptions" : {
      "en-US" : {
        "value" : "<pre>Petclinic is a sample 2 -tier application\n\nPetClinicApp is the web tier component which runs on Tomcat. \nTheis flow copies the artifacts from jenkins to provisioned machine in the location where tomcat is installed.\nIt will deploy and and restart  the tomcat server\n\nInput Parameters\nlocalfilepath - file path to download war from\nartifacturl - Jenkins url\nartifactusername - User name for Jenkins\nartifactpassword - Password for Jenkins\nport - SFTP port. default is 22 \nremotefilepath - destination file path  \nservicecommand - script to install tomcat service\ndbhostname - DB host name\ndbusername - DB user name\ndbpassword - DB password\napphostname - application server h ost name\nhostusername - application server user name\nhostpassword - application server password\nprivatekeyPath - Private Key path used for ssh key pair based login\nconfigurationurl - The URL to the script that will install the PetClinic application.\ntomcathome - the tomcat home path\nmysqlusername - The MySQL database user name \n - Default user"
      }
    }
  }, {
    "name" : "modify",
    "displayName" : "Modify PetClinicApp",
    "description" : "<pre>Petclinic is a sample 2 -tier application\n\nPetClinicApp is the web tier component which runs on Tomcat. \nTheis flow copies the artifacts from jenkins to provisioned machine in the location where tomcat is installed.\nIt will deploy and and restart  the tomcat server\n\nInput Parameters\nlocalfilepath - file path to download war from\nartifacturl - Jenkins url\nartifactusername - User name for Jenkins\nartifactpassword - Password for Jenkins\nport - SFTP port. default is 22 \nremotefilepath - destination file path  \nservicecommand - script to install tomcat service\ndbhostname - DB host name\ndbusername - DB user name\ndbpassword - DB password\napphostname - application server h ost name\nhostusername - application server user name\nhostpassword - application server password\nprivatekeyPath - Private Key path used for ssh key pair based login\nconfigurationurl - The URL to the script that will install the PetClinic application.\ntomcathome - the tomcat home path\nmysqlusername - The MySQL database user name \n - Default user",
    "inputParameters" : [ {
      "name" : "apphostname",
      "displayName" : "apphostname",
      "required" : true,
      "confidential" : false,
      "displayNames" : {
        "en-US" : {
          "value" : "apphostname"
        }
      },
      "descriptions" : { },
      "type" : "string"
    }, {
      "name" : "artifactpassword",
      "displayName" : "artifactpassword",
      "required" : false,
      "confidential" : true,
      "displayNames" : {
        "en-US" : {
          "value" : "artifactpassword"
        }
      },
      "descriptions" : { },
      "type" : "string"
    }, {
      "name" : "artifacturl",
      "displayName" : "artifacturl",
      "required" : true,
      "confidential" : false,
      "displayNames" : {
        "en-US" : {
          "value" : "artifacturl"
        }
      },
      "descriptions" : { },
      "type" : "string"
    }, {
      "name" : "artifactusername",
      "displayName" : "artifactusername",
      "required" : false,
      "confidential" : false,
      "displayNames" : {
        "en-US" : {
          "value" : "artifactusername"
        }
      },
      "descriptions" : { },
      "type" : "string"
    }, {
      "name" : "configurationurl",
      "displayName" : "configurationurl",
      "required" : false,
      "confidential" : false,
      "displayNames" : {
        "en-US" : {
          "value" : "configurationurl"
        }
      },
      "descriptions" : { },
      "type" : "string"
    }, {
      "name" : "dbhostname",
      "displayName" : "dbhostname",
      "required" : false,
      "confidential" : false,
      "displayNames" : {
        "en-US" : {
          "value" : "dbhostname"
        }
      },
      "descriptions" : { },
      "type" : "string"
    }, {
      "name" : "dbpassword",
      "displayName" : "dbpassword",
      "required" : false,
      "confidential" : true,
      "displayNames" : {
        "en-US" : {
          "value" : "dbpassword"
        }
      },
      "descriptions" : { },
      "type" : "string"
    }, {
      "name" : "dbusername",
      "displayName" : "dbusername",
      "required" : false,
      "confidential" : false,
      "displayNames" : {
        "en-US" : {
          "value" : "dbusername"
        }
      },
      "descriptions" : { },
      "type" : "string"
    }, {
      "name" : "hostpassword",
      "displayName" : "hostpassword",
      "required" : true,
      "confidential" : true,
      "displayNames" : {
        "en-US" : {
          "value" : "hostpassword"
        }
      },
      "descriptions" : { },
      "type" : "string"
    }, {
      "name" : "hostusername",
      "displayName" : "hostusername",
      "required" : true,
      "confidential" : false,
      "displayNames" : {
        "en-US" : {
          "value" : "hostusername"
        }
      },
      "descriptions" : { },
      "type" : "string"
    }, {
      "name" : "localfilepath",
      "displayName" : "localfilepath",
      "required" : true,
      "confidential" : false,
      "displayNames" : {
        "en-US" : {
          "value" : "localfilepath"
        }
      },
      "descriptions" : { },
      "type" : "string"
    }, {
      "name" : "mysqlpassword",
      "displayName" : "mysqlpassword",
      "required" : false,
      "confidential" : true,
      "displayNames" : {
        "en-US" : {
          "value" : "mysqlpassword"
        }
      },
      "descriptions" : { },
      "type" : "string"
    }, {
      "name" : "mysqlusername",
      "displayName" : "mysqlusername",
      "required" : false,
      "confidential" : false,
      "displayNames" : {
        "en-US" : {
          "value" : "mysqlusername"
        }
      },
      "descriptions" : { },
      "type" : "string"
    }, {
      "name" : "port",
      "displayName" : "port",
      "required" : false,
      "confidential" : false,
      "displayNames" : {
        "en-US" : {
          "value" : "port"
        }
      },
      "descriptions" : { },
      "type" : "string"
    }, {
      "name" : "prev_artifacturl",
      "displayName" : "prev_artifacturl",
      "required" : false,
      "confidential" : false,
      "displayNames" : {
        "en-US" : {
          "value" : "prev_artifacturl"
        }
      },
      "descriptions" : { },
      "type" : "string"
    }, {
      "name" : "prev_configurationurl",
      "displayName" : "prev_configurationurl",
      "required" : false,
      "confidential" : false,
      "displayNames" : {
        "en-US" : {
          "value" : "prev_configurationurl"
        }
      },
      "descriptions" : { },
      "type" : "string"
    }, {
      "name" : "privatekeyPath",
      "displayName" : "privatekeyPath",
      "required" : false,
      "confidential" : false,
      "displayNames" : {
        "en-US" : {
          "value" : "privatekeyPath"
        }
      },
      "descriptions" : { },
      "type" : "string"
    }, {
      "name" : "remotefilepath",
      "displayName" : "remotefilepath",
      "required" : false,
      "confidential" : false,
      "displayNames" : {
        "en-US" : {
          "value" : "remotefilepath"
        }
      },
      "descriptions" : { },
      "type" : "string"
    }, {
      "name" : "servicecommand",
      "displayName" : "servicecommand",
      "required" : false,
      "confidential" : false,
      "displayNames" : {
        "en-US" : {
          "value" : "servicecommand"
        }
      },
      "descriptions" : { },
      "type" : "string"
    }, {
      "name" : "tomcathome",
      "displayName" : "tomcathome",
      "required" : true,
      "confidential" : false,
      "displayNames" : {
        "en-US" : {
          "value" : "tomcathome"
        }
      },
      "descriptions" : { },
      "type" : "string"
    } ],
    "outputParameters" : [ {
      "name" : "artifacturl",
      "displayName" : "artifacturl",
      "required" : false,
      "confidential" : false,
      "displayNames" : {
        "en-US" : {
          "value" : "artifacturl"
        }
      },
      "descriptions" : { },
      "type" : "string"
    }, {
      "name" : "configurationurl",
      "displayName" : "configurationurl",
      "required" : false,
      "confidential" : false,
      "displayNames" : {
        "en-US" : {
          "value" : "configurationurl"
        }
      },
      "descriptions" : { },
      "type" : "string"
    }, {
      "name" : "modifyReturnValue",
      "displayName" : "modifyReturnValue",
      "required" : false,
      "confidential" : false,
      "displayNames" : {
        "en-US" : {
          "value" : "modifyReturnValue"
        }
      },
      "descriptions" : { },
      "type" : "string"
    }, {
      "name" : "response",
      "displayName" : "response",
      "required" : false,
      "confidential" : false,
      "displayNames" : {
        "en-US" : {
          "value" : "response"
        }
      },
      "descriptions" : { },
      "type" : "string"
    } ],
    "lifecycleAction" : "Modify",
    "final" : false,
    "visible" : false,
    "displayNames" : {
      "en-US" : {
        "value" : "Modify PetClinicApp"
      }
    },
    "descriptions" : {
      "en-US" : {
        "value" : "<pre>Petclinic is a sample 2 -tier application\n\nPetClinicApp is the web tier component which runs on Tomcat. \nTheis flow copies the artifacts from jenkins to provisioned machine in the location where tomcat is installed.\nIt will deploy and and restart  the tomcat server\n\nInput Parameters\nlocalfilepath - file path to download war from\nartifacturl - Jenkins url\nartifactusername - User name for Jenkins\nartifactpassword - Password for Jenkins\nport - SFTP port. default is 22 \nremotefilepath - destination file path  \nservicecommand - script to install tomcat service\ndbhostname - DB host name\ndbusername - DB user name\ndbpassword - DB password\napphostname - application server h ost name\nhostusername - application server user name\nhostpassword - application server password\nprivatekeyPath - Private Key path used for ssh key pair based login\nconfigurationurl - The URL to the script that will install the PetClinic application.\ntomcathome - the tomcat home path\nmysqlusername - The MySQL database user name \n - Default user"
      }
    }
  }, {
    "name" : "modifyFailureHandler",
    "displayName" : "ModifyFailureHandler PetClinicApp",
    "description" : "<pre>\nDeploys a virtual machine in VMWare vCenter. \n\nInput Parameters:\n\nvCenterHost -  vCenter host to execute against\nvCenterPort - vCenter Port Number to connect on\nvCenterProtocol - Connection protocol(http, https)\nvCenterUsername - vCenter username\nvCenterPassword - vCenter password\ndatacenterName -  datacenter name where VM located\nvmTemplateReference - The name of vm template reference\ncpuCount - The cpu in number that the server should be have\nmemorySize - The memory in MB that the server should have. Size should be greater than or equal to 512.\ncustomizationSpec - The name of customization spec\nvmNamePrefix - VM name prefix. First 6 characters would be considered. If the vmNamePrefix exceed 6 characters, it will be truncated\nvmFolder - Name of the folder where the virtual machine will be created\nclusterName - Name of the cluster to be used for deploying virtual machine\nvmResourcePool - Name of the resource pool to be used for deploying virutal machine\nhostSystem - Name of the hypervisor (such as ESX h",
    "inputParameters" : [ {
      "name" : "apphostname",
      "displayName" : "apphostname",
      "required" : true,
      "confidential" : false,
      "displayNames" : {
        "en-US" : {
          "value" : "apphostname"
        }
      },
      "descriptions" : { },
      "type" : "string"
    }, {
      "name" : "artifactpassword",
      "displayName" : "artifactpassword",
      "required" : false,
      "confidential" : true,
      "displayNames" : {
        "en-US" : {
          "value" : "artifactpassword"
        }
      },
      "descriptions" : { },
      "type" : "string"
    }, {
      "name" : "artifacturl",
      "displayName" : "artifacturl",
      "required" : false,
      "confidential" : false,
      "displayNames" : {
        "en-US" : {
          "value" : "artifacturl"
        }
      },
      "descriptions" : { },
      "type" : "string"
    }, {
      "name" : "artifactusername",
      "displayName" : "artifactusername",
      "required" : false,
      "confidential" : false,
      "displayNames" : {
        "en-US" : {
          "value" : "artifactusername"
        }
      },
      "descriptions" : { },
      "type" : "string"
    }, {
      "name" : "configurationurl",
      "displayName" : "configurationurl",
      "required" : false,
      "confidential" : false,
      "displayNames" : {
        "en-US" : {
          "value" : "configurationurl"
        }
      },
      "descriptions" : { },
      "type" : "string"
    }, {
      "name" : "dbhostname",
      "displayName" : "dbhostname",
      "required" : false,
      "confidential" : false,
      "displayNames" : {
        "en-US" : {
          "value" : "dbhostname"
        }
      },
      "descriptions" : { },
      "type" : "string"
    }, {
      "name" : "dbpassword",
      "displayName" : "dbpassword",
      "required" : false,
      "confidential" : true,
      "displayNames" : {
        "en-US" : {
          "value" : "dbpassword"
        }
      },
      "descriptions" : { },
      "type" : "string"
    }, {
      "name" : "dbusername",
      "displayName" : "dbusername",
      "required" : false,
      "confidential" : false,
      "displayNames" : {
        "en-US" : {
          "value" : "dbusername"
        }
      },
      "descriptions" : { },
      "type" : "string"
    }, {
      "name" : "hostpassword",
      "displayName" : "hostpassword",
      "required" : true,
      "confidential" : true,
      "displayNames" : {
        "en-US" : {
          "value" : "hostpassword"
        }
      },
      "descriptions" : { },
      "type" : "string"
    }, {
      "name" : "hostusername",
      "displayName" : "hostusername",
      "required" : true,
      "confidential" : false,
      "displayNames" : {
        "en-US" : {
          "value" : "hostusername"
        }
      },
      "descriptions" : { },
      "type" : "string"
    }, {
      "name" : "modifyFailureValue",
      "displayName" : "modifyFailureValue",
      "required" : false,
      "confidential" : false,
      "displayNames" : {
        "en-US" : {
          "value" : "modifyFailureValue"
        }
      },
      "descriptions" : { },
      "type" : "string"
    }, {
      "name" : "mysqlpassword",
      "displayName" : "mysqlpassword",
      "required" : false,
      "confidential" : true,
      "displayNames" : {
        "en-US" : {
          "value" : "mysqlpassword"
        }
      },
      "descriptions" : { },
      "type" : "string"
    }, {
      "name" : "mysqlusername",
      "displayName" : "mysqlusername",
      "required" : false,
      "confidential" : false,
      "displayNames" : {
        "en-US" : {
          "value" : "mysqlusername"
        }
      },
      "descriptions" : { },
      "type" : "string"
    }, {
      "name" : "port",
      "displayName" : "port",
      "required" : false,
      "confidential" : false,
      "displayNames" : {
        "en-US" : {
          "value" : "port"
        }
      },
      "descriptions" : { },
      "type" : "string"
    }, {
      "name" : "prev_artifacturl",
      "displayName" : "prev_artifacturl",
      "required" : false,
      "confidential" : false,
      "displayNames" : {
        "en-US" : {
          "value" : "prev_artifacturl"
        }
      },
      "descriptions" : { },
      "type" : "string"
    }, {
      "name" : "prev_configurationurl",
      "displayName" : "prev_configurationurl",
      "required" : false,
      "confidential" : false,
      "displayNames" : {
        "en-US" : {
          "value" : "prev_configurationurl"
        }
      },
      "descriptions" : { },
      "type" : "string"
    }, {
      "name" : "privatekeyPath",
      "displayName" : "privatekeyPath",
      "required" : false,
      "confidential" : false,
      "displayNames" : {
        "en-US" : {
          "value" : "privatekeyPath"
        }
      },
      "descriptions" : { },
      "type" : "string"
    }, {
      "name" : "remotefilepath",
      "displayName" : "remotefilepath",
      "required" : true,
      "confidential" : false,
      "displayNames" : {
        "en-US" : {
          "value" : "remotefilepath"
        }
      },
      "descriptions" : { },
      "type" : "string"
    }, {
      "name" : "servicecommand",
      "displayName" : "servicecommand",
      "required" : true,
      "confidential" : false,
      "displayNames" : {
        "en-US" : {
          "value" : "servicecommand"
        }
      },
      "descriptions" : { },
      "type" : "string"
    }, {
      "name" : "tomcathome",
      "displayName" : "tomcathome",
      "required" : true,
      "confidential" : false,
      "displayNames" : {
        "en-US" : {
          "value" : "tomcathome"
        }
      },
      "descriptions" : { },
      "type" : "string"
    } ],
    "outputParameters" : [ {
      "name" : "artifacturl",
      "displayName" : "artifacturl",
      "required" : false,
      "confidential" : false,
      "displayNames" : {
        "en-US" : {
          "value" : "artifacturl"
        }
      },
      "descriptions" : { },
      "type" : "string"
    }, {
      "name" : "configurationurl",
      "displayName" : "configurationurl",
      "required" : false,
      "confidential" : false,
      "displayNames" : {
        "en-US" : {
          "value" : "configurationurl"
        }
      },
      "descriptions" : { },
      "type" : "string"
    }, {
      "name" : "response",
      "displayName" : "response",
      "required" : false,
      "confidential" : false,
      "displayNames" : {
        "en-US" : {
          "value" : "response"
        }
      },
      "descriptions" : { },
      "type" : "string"
    }, {
      "name" : "result",
      "displayName" : "result",
      "required" : false,
      "confidential" : false,
      "displayNames" : {
        "en-US" : {
          "value" : "result"
        }
      },
      "descriptions" : { },
      "type" : "string"
    } ],
    "lifecycleAction" : "ModifyFailureHandler",
    "final" : false,
    "visible" : false,
    "displayNames" : {
      "en-US" : {
        "value" : "ModifyFailureHandler PetClinicApp"
      }
    },
    "descriptions" : {
      "en-US" : {
        "value" : "<pre>\nDeploys a virtual machine in VMWare vCenter. \n\nInput Parameters:\n\nvCenterHost -  vCenter host to execute against\nvCenterPort - vCenter Port Number to connect on\nvCenterProtocol - Connection protocol(http, https)\nvCenterUsername - vCenter username\nvCenterPassword - vCenter password\ndatacenterName -  datacenter name where VM located\nvmTemplateReference - The name of vm template reference\ncpuCount - The cpu in number that the server should be have\nmemorySize - The memory in MB that the server should have. Size should be greater than or equal to 512.\ncustomizationSpec - The name of customization spec\nvmNamePrefix - VM name prefix. First 6 characters would be considered. If the vmNamePrefix exceed 6 characters, it will be truncated\nvmFolder - Name of the folder where the virtual machine will be created\nclusterName - Name of the cluster to be used for deploying virtual machine\nvmResourcePool - Name of the resource pool to be used for deploying virutal machine\nhostSystem - Name of the hypervisor (such as ESX h"
      }
    }
  }, {
    "name" : "undeploy",
    "displayName" : "Undeploy PetClinicApp",
    "description" : "<pre>\nA place holder flow for undeploy of this component.\n\nInputs:  \n    LIFECYCLE_PHASE - Lifecycle phase property indicate the component tool that this will be the undeploying flow\n\nOutputs:   \n    response - The flow operation status 'success' or 'failure'\n</pre>",
    "inputParameters" : [ ],
    "outputParameters" : [ {
      "name" : "response",
      "displayName" : "response",
      "required" : false,
      "confidential" : false,
      "displayNames" : {
        "en-US" : {
          "value" : "response"
        }
      },
      "descriptions" : { },
      "type" : "string"
    } ],
    "lifecycleAction" : "Undeploy",
    "final" : false,
    "visible" : false,
    "displayNames" : {
      "en-US" : {
        "value" : "Undeploy PetClinicApp"
      }
    },
    "descriptions" : {
      "en-US" : {
        "value" : "<pre>\nA place holder flow for undeploy of this component.\n\nInputs:  \n    LIFECYCLE_PHASE - Lifecycle phase property indicate the component tool that this will be the undeploying flow\n\nOutputs:   \n    response - The flow operation status 'success' or 'failure'\n</pre>"
      }
    }
  }, {
    "name" : "unmodify",
    "displayName" : "Unmodify PetClinicApp",
    "description" : "<pre>\nDeploys a virtual machine in VMWare vCenter. \n\nInput Parameters:\n\nvCenterHost -  vCenter host to execute against\nvCenterPort - vCenter Port Number to connect on\nvCenterProtocol - Connection protocol(http, https)\nvCenterUsername - vCenter username\nvCenterPassword - vCenter password\ndatacenterName -  datacenter name where VM located\nvmTemplateReference - The name of vm template reference\ncpuCount - The cpu in number that the server should be have\nmemorySize - The memory in MB that the server should have. Size should be greater than or equal to 512.\ncustomizationSpec - The name of customization spec\nvmNamePrefix - VM name prefix. First 6 characters would be considered. If the vmNamePrefix exceed 6 characters, it will be truncated\nvmFolder - Name of the folder where the virtual machine will be created\nclusterName - Name of the cluster to be used for deploying virtual machine\nvmResourcePool - Name of the resource pool to be used for deploying virutal machine\nhostSystem - Name of the hypervisor (such as ESX h",
    "inputParameters" : [ {
      "name" : "apphostname",
      "displayName" : "apphostname",
      "required" : true,
      "confidential" : false,
      "displayNames" : {
        "en-US" : {
          "value" : "apphostname"
        }
      },
      "descriptions" : { },
      "type" : "string"
    }, {
      "name" : "artifactpassword",
      "displayName" : "artifactpassword",
      "required" : false,
      "confidential" : true,
      "displayNames" : {
        "en-US" : {
          "value" : "artifactpassword"
        }
      },
      "descriptions" : { },
      "type" : "string"
    }, {
      "name" : "artifacturl",
      "displayName" : "artifacturl",
      "required" : false,
      "confidential" : false,
      "displayNames" : {
        "en-US" : {
          "value" : "artifacturl"
        }
      },
      "descriptions" : { },
      "type" : "string"
    }, {
      "name" : "artifactusername",
      "displayName" : "artifactusername",
      "required" : false,
      "confidential" : false,
      "displayNames" : {
        "en-US" : {
          "value" : "artifactusername"
        }
      },
      "descriptions" : { },
      "type" : "string"
    }, {
      "name" : "configurationurl",
      "displayName" : "configurationurl",
      "required" : false,
      "confidential" : false,
      "displayNames" : {
        "en-US" : {
          "value" : "configurationurl"
        }
      },
      "descriptions" : { },
      "type" : "string"
    }, {
      "name" : "dbhostname",
      "displayName" : "dbhostname",
      "required" : false,
      "confidential" : false,
      "displayNames" : {
        "en-US" : {
          "value" : "dbhostname"
        }
      },
      "descriptions" : { },
      "type" : "string"
    }, {
      "name" : "dbpassword",
      "displayName" : "dbpassword",
      "required" : false,
      "confidential" : true,
      "displayNames" : {
        "en-US" : {
          "value" : "dbpassword"
        }
      },
      "descriptions" : { },
      "type" : "string"
    }, {
      "name" : "dbusername",
      "displayName" : "dbusername",
      "required" : false,
      "confidential" : false,
      "displayNames" : {
        "en-US" : {
          "value" : "dbusername"
        }
      },
      "descriptions" : { },
      "type" : "string"
    }, {
      "name" : "hostpassword",
      "displayName" : "hostpassword",
      "required" : true,
      "confidential" : true,
      "displayNames" : {
        "en-US" : {
          "value" : "hostpassword"
        }
      },
      "descriptions" : { },
      "type" : "string"
    }, {
      "name" : "hostusername",
      "displayName" : "hostusername",
      "required" : true,
      "confidential" : false,
      "displayNames" : {
        "en-US" : {
          "value" : "hostusername"
        }
      },
      "descriptions" : { },
      "type" : "string"
    }, {
      "name" : "mysqlpassword",
      "displayName" : "mysqlpassword",
      "required" : false,
      "confidential" : true,
      "displayNames" : {
        "en-US" : {
          "value" : "mysqlpassword"
        }
      },
      "descriptions" : { },
      "type" : "string"
    }, {
      "name" : "mysqlusername",
      "displayName" : "mysqlusername",
      "required" : false,
      "confidential" : false,
      "displayNames" : {
        "en-US" : {
          "value" : "mysqlusername"
        }
      },
      "descriptions" : { },
      "type" : "string"
    }, {
      "name" : "port",
      "displayName" : "port",
      "required" : false,
      "confidential" : false,
      "displayNames" : {
        "en-US" : {
          "value" : "port"
        }
      },
      "descriptions" : { },
      "type" : "string"
    }, {
      "name" : "prev_artifacturl",
      "displayName" : "prev_artifacturl",
      "required" : false,
      "confidential" : false,
      "displayNames" : {
        "en-US" : {
          "value" : "prev_artifacturl"
        }
      },
      "descriptions" : { },
      "type" : "string"
    }, {
      "name" : "prev_configurationurl",
      "displayName" : "prev_configurationurl",
      "required" : false,
      "confidential" : false,
      "displayNames" : {
        "en-US" : {
          "value" : "prev_configurationurl"
        }
      },
      "descriptions" : { },
      "type" : "string"
    }, {
      "name" : "privatekeyPath",
      "displayName" : "privatekeyPath",
      "required" : false,
      "confidential" : false,
      "displayNames" : {
        "en-US" : {
          "value" : "privatekeyPath"
        }
      },
      "descriptions" : { },
      "type" : "string"
    }, {
      "name" : "remotefilepath",
      "displayName" : "remotefilepath",
      "required" : true,
      "confidential" : false,
      "displayNames" : {
        "en-US" : {
          "value" : "remotefilepath"
        }
      },
      "descriptions" : { },
      "type" : "string"
    }, {
      "name" : "servicecommand",
      "displayName" : "servicecommand",
      "required" : true,
      "confidential" : false,
      "displayNames" : {
        "en-US" : {
          "value" : "servicecommand"
        }
      },
      "descriptions" : { },
      "type" : "string"
    }, {
      "name" : "tomcathome",
      "displayName" : "tomcathome",
      "required" : true,
      "confidential" : false,
      "displayNames" : {
        "en-US" : {
          "value" : "tomcathome"
        }
      },
      "descriptions" : { },
      "type" : "string"
    } ],
    "outputParameters" : [ {
      "name" : "artifacturl",
      "displayName" : "artifacturl",
      "required" : false,
      "confidential" : false,
      "displayNames" : {
        "en-US" : {
          "value" : "artifacturl"
        }
      },
      "descriptions" : { },
      "type" : "string"
    }, {
      "name" : "configurationurl",
      "displayName" : "configurationurl",
      "required" : false,
      "confidential" : false,
      "displayNames" : {
        "en-US" : {
          "value" : "configurationurl"
        }
      },
      "descriptions" : { },
      "type" : "string"
    }, {
      "name" : "response",
      "displayName" : "response",
      "required" : false,
      "confidential" : false,
      "displayNames" : {
        "en-US" : {
          "value" : "response"
        }
      },
      "descriptions" : { },
      "type" : "string"
    }, {
      "name" : "result",
      "displayName" : "result",
      "required" : false,
      "confidential" : false,
      "displayNames" : {
        "en-US" : {
          "value" : "result"
        }
      },
      "descriptions" : { },
      "type" : "string"
    } ],
    "lifecycleAction" : "Unmodify",
    "final" : false,
    "visible" : false,
    "displayNames" : {
      "en-US" : {
        "value" : "Unmodify PetClinicApp"
      }
    },
    "descriptions" : {
      "en-US" : {
        "value" : "<pre>\nDeploys a virtual machine in VMWare vCenter. \n\nInput Parameters:\n\nvCenterHost -  vCenter host to execute against\nvCenterPort - vCenter Port Number to connect on\nvCenterProtocol - Connection protocol(http, https)\nvCenterUsername - vCenter username\nvCenterPassword - vCenter password\ndatacenterName -  datacenter name where VM located\nvmTemplateReference - The name of vm template reference\ncpuCount - The cpu in number that the server should be have\nmemorySize - The memory in MB that the server should have. Size should be greater than or equal to 512.\ncustomizationSpec - The name of customization spec\nvmNamePrefix - VM name prefix. First 6 characters would be considered. If the vmNamePrefix exceed 6 characters, it will be truncated\nvmFolder - Name of the folder where the virtual machine will be created\nclusterName - Name of the cluster to be used for deploying virtual machine\nvmResourcePool - Name of the resource pool to be used for deploying virutal machine\nhostSystem - Name of the hypervisor (such as ESX h"
      }
    }
  } ],
  "relations" : [ {
    "name" : "deployOn_PetClinicApplication4PartialDesign_bfccdc9dfdf14de788131fd7fdb80f0f__VERSION__1^50^0000__GROUPID__com^hp^csa^type^HPOO",
    "relationType" : "association",
    "targetType" : {
      "componentId" : {
        "artifactId" : "Existing_Server_b9ce5335_9ba9_46b6_9591_ca18b73cabb6_e4595de7583849f29037184578e03cb8",
        "groupId" : "com.hp.csa.type",
        "version" : "1"
      },
      "constraints" : { }
    },
    "minOccursOnTarget" : 0,
    "maxOccursOnTarget" : 256,
    "minOccursOnSource" : 0,
    "maxOccursOnSource" : 1,
    "properties" : [ ],
    "displayName" : "deployOn",
    "displayNames" : {
      "en-US" : {
        "value" : "deployOn"
      }
    },
    "descriptions" : { }
  }, {
    "name" : "getDBInfo_PetClinicApplication4PartialDesign_bfccdc9dfdf14de788131fd7fdb80f0f__VERSION__1^50^0000__GROUPID__com^hp^csa^type^HPOO",
    "relationType" : "association",
    "targetType" : {
      "componentId" : {
        "artifactId" : "LibraryIntegrationsHewlettPackardCloudServiceAutomationComponentsHPOOPetClinicDBConfiguration4200000",
        "groupId" : "com.hp.csa.type.HPOO",
        "version" : "4.20.0000"
      },
      "constraints" : { }
    },
    "minOccursOnTarget" : 0,
    "maxOccursOnTarget" : 256,
    "minOccursOnSource" : 0,
    "maxOccursOnSource" : 1,
    "properties" : [ ],
    "displayName" : "getDBInfo",
    "displayNames" : {
      "en-US" : {
        "value" : "getDBInfo"
      }
    },
    "descriptions" : { }
  }, {
    "name" : "deployAppOnPrebakedServer_PetClinicApplication4PartialDesign_bfccdc9dfdf14de788131fd7fdb80f0f__VERSION__1^50^0000__GROUPID__com^hp^csa^type^HPOO",
    "relationType" : "association",
    "targetType" : {
      "componentId" : {
        "artifactId" : "ApplicationServer",
        "groupId" : "com.hp.csa.type",
        "version" : "1"
      },
      "constraints" : { }
    },
    "minOccursOnTarget" : 0,
    "maxOccursOnTarget" : 256,
    "minOccursOnSource" : 0,
    "maxOccursOnSource" : 1,
    "properties" : [ ],
    "displayName" : "deployAppOnPrebakedServer",
    "displayNames" : {
      "en-US" : {
        "value" : "deployAppOnPrebakedServer"
      }
    },
    "descriptions" : { }
  } ],
  "properties" : [ {
    "name" : "apphostname",
    "type" : "string",
    "minOccurs" : 0,
    "maxOccurs" : 1,
    "mode" : "INPUT_OUTPUT",
    "subProperties" : [ ],
    "displayName" : "apphostname",
    "confidential" : false,
    "tags" : {
      "{urn:x-hp:2013:software:ccue:designer:descriptor-schema}unitDescription" : null,
      "{urn:x-hp:2013:software:ccue:designer:descriptor-schema}validatorId" : null,
      "{urn:x-hp:2013:software:ccue:designer:descriptor-schema}hidden" : "true",
      "{urn:x-hp:2013:software:ccue:designer:descriptor-schema}tabSet" : "VIEW,EDIT",
      "maxLength" : "4000"
    },
    "consumerVisible" : false,
    "displayNames" : {
      "en-US" : {
        "value" : "apphostname"
      }
    },
    "descriptions" : { }
  }, {
    "name" : "artifactpassword",
    "type" : "string",
    "minOccurs" : 0,
    "maxOccurs" : 1,
    "mode" : "INPUT_OUTPUT",
    "subProperties" : [ ],
    "displayName" : "artifactpassword",
    "confidential" : true,
    "tags" : {
      "{urn:x-hp:2013:software:ccue:designer:descriptor-schema}unitDescription" : null,
      "{urn:x-hp:2013:software:ccue:designer:descriptor-schema}validatorId" : null,
      "{urn:x-hp:2013:software:ccue:designer:descriptor-schema}tabSet" : "VIEW,EDIT",
      "maxLength" : "4000"
    },
    "consumerVisible" : false,
    "displayNames" : {
      "en-US" : {
        "value" : "artifactpassword"
      }
    },
    "descriptions" : { }
  }, {
    "name" : "artifacturl",
    "type" : "string",
    "minOccurs" : 1,
    "maxOccurs" : 1,
    "mode" : "INPUT_OUTPUT",
    "subProperties" : [ ],
    "displayName" : "artifacturl",
    "confidential" : false,
    "tags" : {
      "{urn:x-hp:2013:software:ccue:designer:descriptor-schema}unitDescription" : null,
      "{urn:x-hp:2013:software:ccue:designer:descriptor-schema}validatorId" : null,
      "{urn:x-hp:2013:software:ccue:designer:descriptor-schema}supportsModifyLifecycleAction" : "true",
      "{urn:x-hp:2013:software:ccue:designer:descriptor-schema}tabSet" : "VIEW,EDIT",
      "maxLength" : "4000"
    },
    "consumerVisible" : true,
    "displayNames" : {
      "en-US" : {
        "value" : "artifacturl"
      }
    },
    "descriptions" : { }
  }, {
    "name" : "artifactusername",
    "type" : "string",
    "minOccurs" : 0,
    "maxOccurs" : 1,
    "mode" : "INPUT_OUTPUT",
    "subProperties" : [ ],
    "displayName" : "artifactusername",
    "confidential" : false,
    "tags" : {
      "{urn:x-hp:2013:software:ccue:designer:descriptor-schema}unitDescription" : null,
      "{urn:x-hp:2013:software:ccue:designer:descriptor-schema}validatorId" : null,
      "{urn:x-hp:2013:software:ccue:designer:descriptor-schema}tabSet" : "VIEW,EDIT",
      "maxLength" : "4000"
    },
    "consumerVisible" : true,
    "displayNames" : {
      "en-US" : {
        "value" : "artifactusername"
      }
    },
    "descriptions" : { }
  }, {
    "name" : "configurationurl",
    "type" : "string",
    "minOccurs" : 1,
    "maxOccurs" : 1,
    "mode" : "INPUT_OUTPUT",
    "subProperties" : [ ],
    "displayName" : "configurationurl",
    "confidential" : false,
    "tags" : {
      "{urn:x-hp:2013:software:ccue:designer:descriptor-schema}unitDescription" : null,
      "{urn:x-hp:2013:software:ccue:designer:descriptor-schema}validatorId" : null,
      "{urn:x-hp:2013:software:ccue:designer:descriptor-schema}supportsModifyLifecycleAction" : "true",
      "{urn:x-hp:2013:software:ccue:designer:descriptor-schema}tabSet" : "VIEW,EDIT",
      "maxLength" : "4000"
    },
    "consumerVisible" : true,
    "displayNames" : {
      "en-US" : {
        "value" : "configurationurl"
      }
    },
    "descriptions" : { }
  }, {
    "name" : "dbhostname",
    "type" : "string",
    "minOccurs" : 0,
    "maxOccurs" : 1,
    "mode" : "INPUT_OUTPUT",
    "subProperties" : [ ],
    "displayName" : "dbhostname",
    "confidential" : false,
    "tags" : {
      "{urn:x-hp:2013:software:ccue:designer:descriptor-schema}unitDescription" : null,
      "{urn:x-hp:2013:software:ccue:designer:descriptor-schema}validatorId" : null,
      "{urn:x-hp:2013:software:ccue:designer:descriptor-schema}hidden" : "true",
      "{urn:x-hp:2013:software:ccue:designer:descriptor-schema}tabSet" : "VIEW,EDIT",
      "maxLength" : "4000"
    },
    "consumerVisible" : false,
    "displayNames" : {
      "en-US" : {
        "value" : "dbhostname"
      }
    },
    "descriptions" : { }
  }, {
    "name" : "dbpassword",
    "type" : "string",
    "minOccurs" : 0,
    "maxOccurs" : 1,
    "mode" : "INPUT_OUTPUT",
    "subProperties" : [ ],
    "displayName" : "dbpassword",
    "confidential" : true,
    "tags" : {
      "{urn:x-hp:2013:software:ccue:designer:descriptor-schema}unitDescription" : null,
      "{urn:x-hp:2013:software:ccue:designer:descriptor-schema}validatorId" : null,
      "{urn:x-hp:2013:software:ccue:designer:descriptor-schema}hidden" : "true",
      "{urn:x-hp:2013:software:ccue:designer:descriptor-schema}tabSet" : "VIEW,EDIT",
      "maxLength" : "4000"
    },
    "consumerVisible" : false,
    "displayNames" : {
      "en-US" : {
        "value" : "dbpassword"
      }
    },
    "descriptions" : { }
  }, {
    "name" : "dbusername",
    "type" : "string",
    "minOccurs" : 0,
    "maxOccurs" : 1,
    "mode" : "INPUT_OUTPUT",
    "subProperties" : [ ],
    "displayName" : "dbusername",
    "confidential" : false,
    "tags" : {
      "{urn:x-hp:2013:software:ccue:designer:descriptor-schema}unitDescription" : null,
      "{urn:x-hp:2013:software:ccue:designer:descriptor-schema}validatorId" : null,
      "{urn:x-hp:2013:software:ccue:designer:descriptor-schema}hidden" : "true",
      "{urn:x-hp:2013:software:ccue:designer:descriptor-schema}tabSet" : "VIEW,EDIT",
      "maxLength" : "4000"
    },
    "consumerVisible" : false,
    "displayNames" : {
      "en-US" : {
        "value" : "dbusername"
      }
    },
    "descriptions" : { }
  }, {
    "name" : "hostpassword",
    "type" : "string",
    "minOccurs" : 0,
    "maxOccurs" : 1,
    "mode" : "INPUT_OUTPUT",
    "subProperties" : [ ],
    "displayName" : "hostpassword",
    "confidential" : true,
    "tags" : {
      "{urn:x-hp:2013:software:ccue:designer:descriptor-schema}unitDescription" : null,
      "{urn:x-hp:2013:software:ccue:designer:descriptor-schema}validatorId" : null,
      "{urn:x-hp:2013:software:ccue:designer:descriptor-schema}hidden" : "true",
      "{urn:x-hp:2013:software:ccue:designer:descriptor-schema}tabSet" : "VIEW,EDIT",
      "maxLength" : "4000"
    },
    "consumerVisible" : false,
    "displayNames" : {
      "en-US" : {
        "value" : "hostpassword"
      }
    },
    "descriptions" : { }
  }, {
    "name" : "hostusername",
    "type" : "string",
    "minOccurs" : 0,
    "maxOccurs" : 1,
    "mode" : "INPUT_OUTPUT",
    "subProperties" : [ ],
    "displayName" : "hostusername",
    "confidential" : false,
    "tags" : {
      "{urn:x-hp:2013:software:ccue:designer:descriptor-schema}unitDescription" : null,
      "{urn:x-hp:2013:software:ccue:designer:descriptor-schema}validatorId" : null,
      "{urn:x-hp:2013:software:ccue:designer:descriptor-schema}hidden" : "true",
      "{urn:x-hp:2013:software:ccue:designer:descriptor-schema}tabSet" : "VIEW,EDIT",
      "maxLength" : "4000"
    },
    "consumerVisible" : false,
    "displayNames" : {
      "en-US" : {
        "value" : "hostusername"
      }
    },
    "descriptions" : { }
  }, {
    "name" : "localfilepath",
    "type" : "string",
    "minOccurs" : 1,
    "maxOccurs" : 1,
    "mode" : "INPUT_OUTPUT",
    "defaultValue" : {
      "value" : "petclinic.war",
      "type" : "string"
    },
    "subProperties" : [ ],
    "displayName" : "localfilepath",
    "confidential" : false,
    "tags" : {
      "{urn:x-hp:2013:software:ccue:designer:descriptor-schema}unitDescription" : null,
      "{urn:x-hp:2013:software:ccue:designer:descriptor-schema}validatorId" : null,
      "{urn:x-hp:2013:software:ccue:designer:descriptor-schema}tabSet" : "VIEW,EDIT",
      "maxLength" : "4000"
    },
    "consumerVisible" : true,
    "displayNames" : {
      "en-US" : {
        "value" : "localfilepath"
      }
    },
    "descriptions" : { }
  }, {
    "name" : "mysqlpassword",
    "type" : "string",
    "minOccurs" : 0,
    "maxOccurs" : 1,
    "mode" : "INPUT_OUTPUT",
    "subProperties" : [ ],
    "displayName" : "mysqlpassword",
    "confidential" : true,
    "tags" : {
      "{urn:x-hp:2013:software:ccue:designer:descriptor-schema}unitDescription" : null,
      "{urn:x-hp:2013:software:ccue:designer:descriptor-schema}validatorId" : null,
      "{urn:x-hp:2013:software:ccue:designer:descriptor-schema}hidden" : "true",
      "{urn:x-hp:2013:software:ccue:designer:descriptor-schema}tabSet" : "VIEW,EDIT",
      "maxLength" : "4000"
    },
    "consumerVisible" : false,
    "displayNames" : {
      "en-US" : {
        "value" : "mysqlpassword"
      }
    },
    "descriptions" : { }
  }, {
    "name" : "mysqlusername",
    "type" : "string",
    "minOccurs" : 0,
    "maxOccurs" : 1,
    "mode" : "INPUT_OUTPUT",
    "subProperties" : [ ],
    "displayName" : "mysqlusername",
    "confidential" : false,
    "tags" : {
      "{urn:x-hp:2013:software:ccue:designer:descriptor-schema}unitDescription" : null,
      "{urn:x-hp:2013:software:ccue:designer:descriptor-schema}validatorId" : null,
      "{urn:x-hp:2013:software:ccue:designer:descriptor-schema}hidden" : "true",
      "{urn:x-hp:2013:software:ccue:designer:descriptor-schema}tabSet" : "VIEW,EDIT",
      "maxLength" : "4000"
    },
    "consumerVisible" : false,
    "displayNames" : {
      "en-US" : {
        "value" : "mysqlusername"
      }
    },
    "descriptions" : { }
  }, {
    "name" : "port",
    "type" : "string",
    "minOccurs" : 0,
    "maxOccurs" : 1,
    "mode" : "INPUT_OUTPUT",
    "defaultValue" : {
      "value" : "22",
      "type" : "string"
    },
    "subProperties" : [ ],
    "displayName" : "port",
    "confidential" : false,
    "tags" : {
      "{urn:x-hp:2013:software:ccue:designer:descriptor-schema}unitDescription" : null,
      "{urn:x-hp:2013:software:ccue:designer:descriptor-schema}validatorId" : null,
      "{urn:x-hp:2013:software:ccue:designer:descriptor-schema}hidden" : "true",
      "{urn:x-hp:2013:software:ccue:designer:descriptor-schema}tabSet" : "VIEW,EDIT",
      "maxLength" : "4000"
    },
    "consumerVisible" : false,
    "displayNames" : {
      "en-US" : {
        "value" : "port"
      }
    },
    "descriptions" : { }
  }, {
    "name" : "privatekeyPath",
    "type" : "string",
    "minOccurs" : 0,
    "maxOccurs" : 1,
    "mode" : "INPUT_OUTPUT",
    "subProperties" : [ ],
    "displayName" : "privatekeyPath",
    "confidential" : false,
    "tags" : {
      "{urn:x-hp:2013:software:ccue:designer:descriptor-schema}unitDescription" : null,
      "{urn:x-hp:2013:software:ccue:designer:descriptor-schema}validatorId" : null,
      "{urn:x-hp:2013:software:ccue:designer:descriptor-schema}hidden" : "true",
      "{urn:x-hp:2013:software:ccue:designer:descriptor-schema}tabSet" : "VIEW,EDIT",
      "maxLength" : "4000"
    },
    "consumerVisible" : false,
    "displayNames" : {
      "en-US" : {
        "value" : "privatekeyPath"
      }
    },
    "descriptions" : { }
  }, {
    "name" : "remotefilepath",
    "type" : "string",
    "minOccurs" : 1,
    "maxOccurs" : 1,
    "mode" : "INPUT_OUTPUT",
    "subProperties" : [ ],
    "displayName" : "remotefilepath",
    "confidential" : false,
    "tags" : {
      "{urn:x-hp:2013:software:ccue:designer:descriptor-schema}unitDescription" : null,
      "{urn:x-hp:2013:software:ccue:designer:descriptor-schema}validatorId" : null,
      "{urn:x-hp:2013:software:ccue:designer:descriptor-schema}tabSet" : "VIEW,EDIT",
      "maxLength" : "4000"
    },
    "consumerVisible" : true,
    "displayNames" : {
      "en-US" : {
        "value" : "remotefilepath"
      }
    },
    "descriptions" : { }
  }, {
    "name" : "response",
    "type" : "string",
    "minOccurs" : 0,
    "maxOccurs" : 1,
    "mode" : "INPUT_OUTPUT",
    "subProperties" : [ ],
    "displayName" : "response",
    "confidential" : false,
    "tags" : {
      "{urn:x-hp:2013:software:ccue:designer:descriptor-schema}unitDescription" : null,
      "{urn:x-hp:2013:software:ccue:designer:descriptor-schema}validatorId" : null,
      "{urn:x-hp:2013:software:ccue:designer:descriptor-schema}computed" : "true",
      "{urn:x-hp:2013:software:ccue:designer:descriptor-schema}hidden" : "true",
      "{urn:x-hp:2013:software:ccue:designer:descriptor-schema}tabSet" : "VIEW,EDIT",
      "maxLength" : "4000"
    },
    "consumerVisible" : true,
    "displayNames" : {
      "en-US" : {
        "value" : "response"
      }
    },
    "descriptions" : { }
  }, {
    "name" : "result",
    "type" : "string",
    "minOccurs" : 0,
    "maxOccurs" : 1,
    "mode" : "INPUT_OUTPUT",
    "subProperties" : [ ],
    "displayName" : "result",
    "confidential" : false,
    "tags" : {
      "{urn:x-hp:2013:software:ccue:designer:descriptor-schema}unitDescription" : null,
      "{urn:x-hp:2013:software:ccue:designer:descriptor-schema}validatorId" : null,
      "{urn:x-hp:2013:software:ccue:designer:descriptor-schema}computed" : "true",
      "{urn:x-hp:2013:software:ccue:designer:descriptor-schema}hidden" : "true",
      "{urn:x-hp:2013:software:ccue:designer:descriptor-schema}tabSet" : "VIEW,EDIT",
      "maxLength" : "4000"
    },
    "consumerVisible" : true,
    "displayNames" : {
      "en-US" : {
        "value" : "result"
      }
    },
    "descriptions" : { }
  }, {
    "name" : "servicecommand",
    "type" : "string",
    "minOccurs" : 1,
    "maxOccurs" : 1,
    "mode" : "INPUT_OUTPUT",
    "subProperties" : [ ],
    "displayName" : "servicecommand",
    "confidential" : false,
    "tags" : {
      "{urn:x-hp:2013:software:ccue:designer:descriptor-schema}unitDescription" : null,
      "{urn:x-hp:2013:software:ccue:designer:descriptor-schema}validatorId" : null,
      "{urn:x-hp:2013:software:ccue:designer:descriptor-schema}tabSet" : "VIEW,EDIT",
      "maxLength" : "4000"
    },
    "consumerVisible" : true,
    "displayNames" : {
      "en-US" : {
        "value" : "servicecommand"
      }
    },
    "descriptions" : { }
  }, {
    "name" : "tomcathome",
    "type" : "string",
    "minOccurs" : 1,
    "maxOccurs" : 1,
    "mode" : "INPUT_OUTPUT",
    "subProperties" : [ ],
    "displayName" : "tomcathome",
    "confidential" : false,
    "tags" : {
      "{urn:x-hp:2013:software:ccue:designer:descriptor-schema}unitDescription" : null,
      "{urn:x-hp:2013:software:ccue:designer:descriptor-schema}validatorId" : null,
      "{urn:x-hp:2013:software:ccue:designer:descriptor-schema}tabSet" : "VIEW,EDIT",
      "maxLength" : "4000"
    },
    "consumerVisible" : true,
    "displayNames" : {
      "en-US" : {
        "value" : "tomcathome"
      }
    },
    "descriptions" : { }
  } ],
  "displayName" : "PetClinic Application 4 Partial Design",
  "capabilities" : [ ],
  "characteristics" : [ ],
  "tagIds" : [ "90cefe95520bc74a01521b9317981821" ],
  "revision" : 16,
  "resourceType" : "OO_COMPONENT",
  "tags" : {
    "origin" : "embraced:HPOO",
    "designer.name.uri" : "urn:x-hp:2013:software:ccue:designer:topology-metamodel:oo",
    "designer.name.localPart" : "PetClinicApplication4PartialDesign_bfccdc9dfdf14de788131fd7fdb80f0f__VERSION__1.50.0000__GROUPID__com.hp.csa.type.HPOO",
    "iconUrl" : "/csa/api/blobstore/petclinic.jpg?tag=library"
  },
  "final" : false,
  "displayNames" : {
    "en-US" : {
      "value" : "PetClinic Application 4 Partial Design"
    }
  },
  "descriptions" : {
    "en-US" : {
      "value" : "PetClinic Application for Partial Design"
    }
  }
}