<?xml version="1.0" encoding="UTF-8" standalone="yes"?><manifest><archiveItems><item>SERVICE_DESIGN_PetClinic_Application_-_Partial_Design_Copy_5.0.0_90cefe9552e9952d01530ec5793b290a.xml</item><itemLocation>com.hp.csa.model.vo.service.ServiceBlueprintVO</itemLocation><itemType>com.hp.csa.model.vo.service.ServiceBlueprintVO</itemType></archiveItems><archiveItems><item>service_composite.png</item><itemLocation>\images\categories\component_type\service_composite.png</itemLocation><itemType>File</itemType></archiveItems><archiveItems><item>hpe_logo.png</item><itemLocation>\images\library\hpe_logo.png</itemLocation><itemType>File</itemType></archiveItems><archiveItems><item>hpe-78869d20-f776-4a8c-9810-78248f5ea39c.png</item><itemLocation>\images\library\hpe-78869d20-f776-4a8c-9810-78248f5ea39c.png</itemLocation><itemType>File</itemType></archiveItems><archiveItems><item>management-darkgray.svg</item><itemLocation>\images\library\management-darkgray.svg</itemLocation><itemType>File</itemType></archiveItems><archiveItems><item>service_usage.png</item><itemLocation>\images\library\service_usage.png</itemLocation><itemType>File</itemType></archiveItems><archiveItems><item>pets.png</item><itemLocation>\images\library\pets.png</itemLocation><itemType>File</itemType></archiveItems><archiveItems><item>petclinic.png</item><itemLocation>\images\library\petclinic.png</itemLocation><itemType>File</itemType></archiveItems><archiveItems><item>COMPONENTTYPE_com.hp.csa.type_ApplicationServer_1.json</item><itemLocation>com.hp.csa.topology.model.ComponentType</itemLocation><itemType>com.hp.csa.topology.model.ComponentType</itemType></archiveItems><archiveItems><item>SERVER.svg</item><itemLocation>/images/library/SERVER.svg</itemLocation><itemType>File</itemType></archiveItems><archiveItems><item>COMPONENTTYPE_com.hp.csa.type_DatabaseServer_1.json</item><itemLocation>com.hp.csa.topology.model.ComponentType</itemLocation><itemType>com.hp.csa.topology.model.ComponentType</itemType></archiveItems><archiveItems><item>COMPONENTTYPE_com.hp.csa.type.HPOO_LibraryIntegrationsHewlettPackardCloudServiceAutomationComponentsHPOOPetClinicDBConfiguration4200000_4.20.0000.json</item><itemLocation>com.hp.csa.topology.model.ComponentType</itemLocation><itemType>com.hp.csa.topology.model.ComponentType</itemType></archiveItems><archiveItems><item>TAG_90cefe95520bc74a01521b9317981821.xml</item><itemLocation>com.hp.csa.model.vo.base.TagVO</itemLocation><itemType>com.hp.csa.model.vo.base.TagVO</itemType></archiveItems><archiveItems><item>other.png</item><itemLocation>\images\library\other.png</itemLocation><itemType>File</itemType></archiveItems><archiveItems><item>category-databases-bw.svg</item><itemLocation>/images//library/category-databases-bw.svg</itemLocation><itemType>File</itemType></archiveItems><archiveItems><item>COMPONENTTEMPLATE_com.hp.csa.template.HPOO_LibraryIntegrationsHewlettPackardCloudServiceAutomationComponentsHPOOPetClinicDBConfiguration4200000_4.20.0000.json</item><itemLocation>com.hp.csa.topology.model.ComponentTemplate</itemLocation><itemType>com.hp.csa.topology.model.ComponentTemplate</itemType></archiveItems><archiveItems><item>COMPONENTTYPE_com.hp.csa.type.HPOO_PetClinicApplication4PartialDesign_bfccdc9dfdf14de788131fd7fdb80f0f_1.50.0000.json</item><itemLocation>com.hp.csa.topology.model.ComponentType</itemLocation><itemType>com.hp.csa.topology.model.ComponentType</itemType></archiveItems><archiveItems><item>petclinic.jpg</item><itemLocation>/images//library/petclinic.jpg</itemLocation><itemType>File</itemType></archiveItems><archiveItems><item>COMPONENTTEMPLATE_com.hp.csa.template.HPOO_PetClinicApplication4PartialDesign_bfccdc9dfdf14de788131fd7fdb80f0f_1.50.0000.json</item><itemLocation>com.hp.csa.topology.model.ComponentTemplate</itemLocation><itemType>com.hp.csa.topology.model.ComponentTemplate</itemType></archiveItems><archiveItems><item>TOPOLOGY_PetClinic Application -  Partial Design Copy_d1f48c7c-7ea4-47f1-8616-ae6be17d5c2d.xml</item><itemLocation>com.hp.csa.topology.model.Topology</itemLocation><itemType>com.hp.csa.topology.model.Topology</itemType></archiveItems><csaVersion>04.60.0000.0</csaVersion></manifest>