<?xml version="1.0" encoding="UTF-8" standalone="yes"?><ServiceBlueprint><id>90cefe9552e9952d01530ec5793b290a</id><objectId>90cefe9552e9952d01530ec5793b290a</objectId><createdOn>2016-02-23T07:35:35.995-08:00</createdOn><updatedOn>2016-02-23T07:35:36.915-08:00</updatedOn><createdBy><id>90d96588360da0c701360da0f1d600a1</id><objectId>90d96588360da0c701360da0f1d600a1</objectId><isCriticalSystemObject>true</isCriticalSystemObject><description>admin</description><iconUrl>http://localhost/admin</iconUrl><name>admin</name><displayName>admin</displayName><disabled>false</disabled><validUpgrade>false</validUpgrade></createdBy><updatedBy><id>90d96588360da0c701360da0f1d600a1</id><objectId>90d96588360da0c701360da0f1d600a1</objectId><isCriticalSystemObject>true</isCriticalSystemObject><description>admin</description><iconUrl>http://localhost/admin</iconUrl><name>admin</name><displayName>admin</displayName><disabled>false</disabled><validUpgrade>false</validUpgrade></updatedBy><isCriticalSystemObject>false</isCriticalSystemObject><description>A two-tier PetClinic Application with Database component installed on MySQL and Application component on Tomcat Server. These components can be deployed on vCenter Servers.</description><iconUrl>/csa/images/library/petclinic.png</iconUrl><name>ded67b5c-2b4d-42fa-b9d7-dab6162da213</name><displayName>PetClinic Application -  Partial Design Copy</displayName><state><id>90d96588360da0c701360da0ef470038</id><objectId>90d96588360da0c701360da0ef470038</objectId><createdOn>2016-01-04T00:20:47.942-08:00</createdOn><isCriticalSystemObject>true</isCriticalSystemObject><description>Active</description><iconUrl>/csa/images/categories/artifact_state/active.png</iconUrl><name>ACTIVE</name><displayName>Active</displayName><disabled>false</disabled><categoryType><id>90d96588360da0c701360da0ef420037</id><objectId>90d96588360da0c701360da0ef420037</objectId><isCriticalSystemObject>true</isCriticalSystemObject><description>Artifact State</description><name>ARTIFACT_STATE</name><displayName>Artifact State</displayName><extensible>false</extensible></categoryType></state><optionModel><id>90cefe9552e9952d01530ec57bcf290e</id><objectId>90cefe9552e9952d01530ec57bcf290e</objectId><createdOn>2016-02-23T07:35:36.655-08:00</createdOn><updatedOn>2016-02-23T07:35:36.655-08:00</updatedOn><createdBy><id>90d96588360da0c701360da0f1d600a1</id><objectId>90d96588360da0c701360da0f1d600a1</objectId><isCriticalSystemObject>true</isCriticalSystemObject><description>admin</description><iconUrl>http://localhost/admin</iconUrl><name>admin</name><displayName>admin</displayName><disabled>false</disabled><validUpgrade>false</validUpgrade></createdBy><updatedBy><id>90d96588360da0c701360da0f1d600a1</id><objectId>90d96588360da0c701360da0f1d600a1</objectId><isCriticalSystemObject>true</isCriticalSystemObject><description>admin</description><iconUrl>http://localhost/admin</iconUrl><name>admin</name><displayName>admin</displayName><disabled>false</disabled><validUpgrade>false</validUpgrade></updatedBy><isCriticalSystemObject>false</isCriticalSystemObject><name>PetClinic Application with Load Balancer</name><upgradeLocked>false</upgradeLocked></optionModel><artifactType><id>75f747551889482f8868215847d06620</id><objectId>75f747551889482f8868215847d06620</objectId><createdOn>2016-01-04T00:20:47.942-08:00</createdOn><isCriticalSystemObject>true</isCriticalSystemObject><description>Topology Service Blueprint</description><iconUrl>/csa/images/categories/artifact_type/service_blueprint.png</iconUrl><name>TOPOLOGY_SERVICE_BLUEPRINT</name><displayName>Topology Service Blueprint</displayName><disabled>false</disabled><categoryType><id>90d96588360da0c701360da0eeb40017</id><objectId>90d96588360da0c701360da0eeb40017</objectId><isCriticalSystemObject>true</isCriticalSystemObject><description>Artifact Type</description><name>ARTIFACT_TYPE</name><displayName>Artifact Type</displayName><extensible>false</extensible></categoryType></artifactType><disabled>false</disabled><artifactContainer><id>90cefe9552e9952d01530ec578052902</id><objectId>90cefe9552e9952d01530ec578052902</objectId><isCriticalSystemObject>false</isCriticalSystemObject><description>A two-tier PetClinic Application with Database component installed on MySQL and Application component on Tomcat Server. These components can be deployed on vCenter Servers.</description><iconUrl>/csa/images/library/petclinic.png</iconUrl><name>fa3a7b1a987d4aaea5342720fdedd584</name><displayName>PetClinic Application -  Partial Design Copy</displayName><disabled>false</disabled><validUpgrade>false</validUpgrade></artifactContainer><tag><id>90cefe9552ab0f900152cd6cd6823520</id><updatedOn>2016-02-10T15:05:37.207-08:00</updatedOn><isCriticalSystemObject>false</isCriticalSystemObject><iconUrl>/csa/images/library/hpe_logo.png</iconUrl><name>Demo_Designs_2efeab3e-a39f-43ff-8e7a-823a96c5174c</name><displayName>Demo Application Designs</displayName><color>#dbadff</color><artifactType><id>4a962cf3cdb74b6985fd39a16903a7fc</id><createdOn>2016-01-04T00:20:47.942-08:00</createdOn><isCriticalSystemObject>true</isCriticalSystemObject><description>Topology Artifact Container</description><iconUrl>/csa/images/categories/artifact_type/topology_artifact_container.png</iconUrl><name>TOPOLOGY_ARTIFACT_CONTAINER</name><displayName>Topology Artifact Container</displayName><disabled>false</disabled><categoryType><id>90d96588360da0c701360da0eeb40017</id><createdOn>2016-01-04T00:20:47.833-08:00</createdOn><isCriticalSystemObject>true</isCriticalSystemObject><description>Artifact Type</description><name>ARTIFACT_TYPE</name><displayName>Artifact Type</displayName><extensible>false</extensible></categoryType></artifactType><versionNumber>3</versionNumber></tag><tag><id>90cefe95520bc74a015210222e7f0328</id><createdOn>2016-01-04T20:53:41.631-08:00</createdOn><updatedOn>2016-01-04T20:53:41.631-08:00</updatedOn><isCriticalSystemObject>false</isCriticalSystemObject><description>Multi-tier Apps</description><iconUrl>/csa/images/library/hpe-78869d20-f776-4a8c-9810-78248f5ea39c.png</iconUrl><name>Forrester_af2c20b2-0bf1-4c19-92cf-4a13e6d86505</name><displayName>Multi-tier Apps</displayName><color>#51b749</color><artifactType><id>4a962cf3cdb74b6985fd39a16903a7fc</id><createdOn>2016-01-04T00:20:47.942-08:00</createdOn><isCriticalSystemObject>true</isCriticalSystemObject><description>Topology Artifact Container</description><iconUrl>/csa/images/categories/artifact_type/topology_artifact_container.png</iconUrl><name>TOPOLOGY_ARTIFACT_CONTAINER</name><displayName>Topology Artifact Container</displayName><disabled>false</disabled><categoryType><id>90d96588360da0c701360da0eeb40017</id><createdOn>2016-01-04T00:20:47.833-08:00</createdOn><isCriticalSystemObject>true</isCriticalSystemObject><description>Artifact Type</description><name>ARTIFACT_TYPE</name><displayName>Artifact Type</displayName><extensible>false</extensible></categoryType></artifactType><versionNumber>1</versionNumber></tag><tag><id>8a818cf8ara15bc772b0145cb6efjhg99</id><createdOn>2016-01-04T00:20:50.807-08:00</createdOn><updatedOn>2016-01-04T00:20:50.807-08:00</updatedOn><isCriticalSystemObject>false</isCriticalSystemObject><description>Application Designs</description><detailedDescription>Any design associated with this tag is treated as Codar pipeline managed design</detailedDescription><iconUrl>images/library/management-darkgray.svg</iconUrl><name>Codar Application</name><displayName>Application</displayName><color></color><artifactType><id>9029ddc453e14f5aa8319d8a34d091b7</id><createdOn>2016-01-04T00:20:47.942-08:00</createdOn><isCriticalSystemObject>true</isCriticalSystemObject><description>Application Artifact Container</description><iconUrl>/csa/images/categories/artifact_type/application_artifact_container.png</iconUrl><name>APPLICATION_ARTIFACT_CONTAINER</name><displayName>Application Artifact Container</displayName><disabled>false</disabled><categoryType><id>90d96588360da0c701360da0eeb40017</id><createdOn>2016-01-04T00:20:47.833-08:00</createdOn><isCriticalSystemObject>true</isCriticalSystemObject><description>Artifact Type</description><name>ARTIFACT_TYPE</name><displayName>Artifact Type</displayName><extensible>false</extensible></categoryType></artifactType><versionNumber>1</versionNumber></tag><tag><id>90cefe9552ab0f900152ce463f86431a</id><updatedOn>2016-02-10T19:38:31.357-08:00</updatedOn><isCriticalSystemObject>false</isCriticalSystemObject><iconUrl>/csa/images/library/service_usage.png</iconUrl><name>Application_Designs_b752d16e-0fae-4489-8858-418c2c56af32</name><displayName>Application Designs</displayName><color>#46d6db</color><artifactType><id>4a962cf3cdb74b6985fd39a16903a7fc</id><createdOn>2016-01-04T00:20:47.942-08:00</createdOn><isCriticalSystemObject>true</isCriticalSystemObject><description>Topology Artifact Container</description><iconUrl>/csa/images/categories/artifact_type/topology_artifact_container.png</iconUrl><name>TOPOLOGY_ARTIFACT_CONTAINER</name><displayName>Topology Artifact Container</displayName><disabled>false</disabled><categoryType><id>90d96588360da0c701360da0eeb40017</id><createdOn>2016-01-04T00:20:47.833-08:00</createdOn><isCriticalSystemObject>true</isCriticalSystemObject><description>Artifact Type</description><name>ARTIFACT_TYPE</name><displayName>Artifact Type</displayName><extensible>false</extensible></categoryType></artifactType><versionNumber>2</versionNumber></tag><tag><id>90cefe95520bc74a015210222e3c0327</id><createdOn>2015-07-08T09:41:44.356-07:00</createdOn><updatedOn>2016-01-04T20:53:41.564-08:00</updatedOn><isCriticalSystemObject>false</isCriticalSystemObject><iconUrl>/csa/images/library/pets.png</iconUrl><name>Discover_Demo_Apps_0eb1fdca-19dc-45bd-afbd-43dec3b5bfd6</name><displayName>PetClinic - App Designs</displayName><color>#dc2127</color><artifactType><id>4a962cf3cdb74b6985fd39a16903a7fc</id><createdOn>2016-01-04T00:20:47.942-08:00</createdOn><isCriticalSystemObject>true</isCriticalSystemObject><description>Topology Artifact Container</description><iconUrl>/csa/images/categories/artifact_type/topology_artifact_container.png</iconUrl><name>TOPOLOGY_ARTIFACT_CONTAINER</name><displayName>Topology Artifact Container</displayName><disabled>false</disabled><categoryType><id>90d96588360da0c701360da0eeb40017</id><createdOn>2016-01-04T00:20:47.833-08:00</createdOn><isCriticalSystemObject>true</isCriticalSystemObject><description>Artifact Type</description><name>ARTIFACT_TYPE</name><displayName>Artifact Type</displayName><extensible>false</extensible></categoryType></artifactType><versionNumber>1</versionNumber></tag><validUpgrade>false</validUpgrade><componentRoot><id>90cefe9552e9952d01530ec5789f2904</id><objectId>90cefe9552e9952d01530ec5789f2904</objectId><createdOn>2016-02-23T07:35:35.840-08:00</createdOn><updatedOn>2016-02-23T07:35:35.996-08:00</updatedOn><createdBy><id>90d96588360da0c701360da0f1d600a1</id><objectId>90d96588360da0c701360da0f1d600a1</objectId><isCriticalSystemObject>true</isCriticalSystemObject><description>admin</description><iconUrl>http://localhost/admin</iconUrl><name>admin</name><displayName>admin</displayName><disabled>false</disabled><validUpgrade>false</validUpgrade></createdBy><updatedBy><id>90d96588360da0c701360da0f1d600a1</id><objectId>90d96588360da0c701360da0f1d600a1</objectId><isCriticalSystemObject>true</isCriticalSystemObject><description>admin</description><iconUrl>http://localhost/admin</iconUrl><name>admin</name><displayName>admin</displayName><disabled>false</disabled><validUpgrade>false</validUpgrade></updatedBy><isCriticalSystemObject>false</isCriticalSystemObject><description>The root component of a service design and represents all the service components HPE CSA needs to realize the infrastructure and applications required for the service.</description><detailedDescription>Service Composite</detailedDescription><iconUrl>/csa/images/categories/component_type/service_composite.png</iconUrl><name>SERVICE_COMPOSITE__Tue Feb 23 07:35:35 PST 2016</name><displayName>Service Composite</displayName><property><id>90cefe9552e9952d01530ec5793b2908</id><objectId>90cefe9552e9952d01530ec5793b2908</objectId><createdOn>2016-02-23T07:35:35.995-08:00</createdOn><updatedOn>2016-02-23T07:35:36.022-08:00</updatedOn><createdBy><id>90d96588360da0c701360da0f1d600a1</id><objectId>90d96588360da0c701360da0f1d600a1</objectId><isCriticalSystemObject>true</isCriticalSystemObject><description>admin</description><iconUrl>http://localhost/admin</iconUrl><name>admin</name><displayName>admin</displayName><disabled>false</disabled><validUpgrade>false</validUpgrade></createdBy><updatedBy><id>90d96588360da0c701360da0f1d600a1</id><objectId>90d96588360da0c701360da0f1d600a1</objectId><isCriticalSystemObject>true</isCriticalSystemObject><description>admin</description><iconUrl>http://localhost/admin</iconUrl><name>admin</name><displayName>admin</displayName><disabled>false</disabled><validUpgrade>false</validUpgrade></updatedBy><isCriticalSystemObject>false</isCriticalSystemObject><name>topologyId</name><valueType><id>90d96588360da0c701360da0efb50054</id><objectId>90d96588360da0c701360da0efb50054</objectId><createdOn>2016-01-04T00:20:47.942-08:00</createdOn><isCriticalSystemObject>true</isCriticalSystemObject><description>String</description><iconUrl>/csa/images/categories/value_type/string.png</iconUrl><name>STRING</name><displayName>String</displayName><disabled>false</disabled><categoryType><id>90d96588360da0c701360da0efa0004e</id><objectId>90d96588360da0c701360da0efa0004e</objectId><isCriticalSystemObject>true</isCriticalSystemObject><description>Value Type</description><name>VALUE_TYPE</name><displayName>Value Type</displayName><extensible>false</extensible></categoryType></valueType><values><id>90cefe9552e9952d01530ec5793a2907</id><createdOn>2016-02-23T07:35:35.994-08:00</createdOn><updatedOn>2016-02-23T07:35:35.994-08:00</updatedOn><createdBy><id>90d96588360da0c701360da0f1d600a1</id><objectId>90d96588360da0c701360da0f1d600a1</objectId><isCriticalSystemObject>true</isCriticalSystemObject><description>admin</description><iconUrl>http://localhost/admin</iconUrl><name>admin</name><displayName>admin</displayName><disabled>false</disabled><validUpgrade>false</validUpgrade></createdBy><updatedBy><id>90d96588360da0c701360da0f1d600a1</id><objectId>90d96588360da0c701360da0f1d600a1</objectId><isCriticalSystemObject>true</isCriticalSystemObject><description>admin</description><iconUrl>http://localhost/admin</iconUrl><name>admin</name><displayName>admin</displayName><disabled>false</disabled><validUpgrade>false</validUpgrade></updatedBy><value>d1f48c7c-7ea4-47f1-8616-ae6be17d5c2d</value><orderIndex>-1</orderIndex></values><maxOccurs>1</maxOccurs><minOccurs>0</minOccurs><orderIndex>-1</orderIndex><confidential>false</confidential><encrypted>false</encrypted><consumerReadOnly>false</consumerReadOnly><consumerVisible>false</consumerVisible><measurable>false</measurable><multiplied>false</multiplied><upgradeLocked>false</upgradeLocked></property><property><id>90cefe9552e9952d01530ec5793a2906</id><objectId>90cefe9552e9952d01530ec5793a2906</objectId><createdOn>2016-02-23T07:35:35.994-08:00</createdOn><updatedOn>2016-02-23T07:35:36.022-08:00</updatedOn><createdBy><id>90d96588360da0c701360da0f1d600a1</id><objectId>90d96588360da0c701360da0f1d600a1</objectId><isCriticalSystemObject>true</isCriticalSystemObject><description>admin</description><iconUrl>http://localhost/admin</iconUrl><name>admin</name><displayName>admin</displayName><disabled>false</disabled><validUpgrade>false</validUpgrade></createdBy><updatedBy><id>90d96588360da0c701360da0f1d600a1</id><objectId>90d96588360da0c701360da0f1d600a1</objectId><isCriticalSystemObject>true</isCriticalSystemObject><description>admin</description><iconUrl>http://localhost/admin</iconUrl><name>admin</name><displayName>admin</displayName><disabled>false</disabled><validUpgrade>false</validUpgrade></updatedBy><isCriticalSystemObject>false</isCriticalSystemObject><name>published</name><valueType><id>90d96588360da0c701360da0efa5004f</id><objectId>90d96588360da0c701360da0efa5004f</objectId><createdOn>2016-01-04T00:20:47.942-08:00</createdOn><isCriticalSystemObject>true</isCriticalSystemObject><description>Boolean</description><iconUrl>/csa/images/categories/value_type/boolean.png</iconUrl><name>BOOLEAN</name><displayName>Boolean</displayName><disabled>false</disabled><categoryType><id>90d96588360da0c701360da0efa0004e</id><objectId>90d96588360da0c701360da0efa0004e</objectId><isCriticalSystemObject>true</isCriticalSystemObject><description>Value Type</description><name>VALUE_TYPE</name><displayName>Value Type</displayName><extensible>false</extensible></categoryType></valueType><values><id>90cefe9552e9952d01530ec5793b2909</id><createdOn>2016-02-23T07:35:35.995-08:00</createdOn><updatedOn>2016-02-23T07:35:35.995-08:00</updatedOn><createdBy><id>90d96588360da0c701360da0f1d600a1</id><objectId>90d96588360da0c701360da0f1d600a1</objectId><isCriticalSystemObject>true</isCriticalSystemObject><description>admin</description><iconUrl>http://localhost/admin</iconUrl><name>admin</name><displayName>admin</displayName><disabled>false</disabled><validUpgrade>false</validUpgrade></createdBy><updatedBy><id>90d96588360da0c701360da0f1d600a1</id><objectId>90d96588360da0c701360da0f1d600a1</objectId><isCriticalSystemObject>true</isCriticalSystemObject><description>admin</description><iconUrl>http://localhost/admin</iconUrl><name>admin</name><displayName>admin</displayName><disabled>false</disabled><validUpgrade>false</validUpgrade></updatedBy><value>false</value><orderIndex>-1</orderIndex></values><maxOccurs>1</maxOccurs><minOccurs>0</minOccurs><orderIndex>-1</orderIndex><confidential>false</confidential><encrypted>false</encrypted><consumerReadOnly>false</consumerReadOnly><consumerVisible>false</consumerVisible><measurable>false</measurable><multiplied>false</multiplied><upgradeLocked>false</upgradeLocked></property><state><id>90d96588360da0c701360da0ef470038</id><objectId>90d96588360da0c701360da0ef470038</objectId><createdOn>2016-01-04T00:20:47.942-08:00</createdOn><isCriticalSystemObject>true</isCriticalSystemObject><description>Active</description><iconUrl>/csa/images/categories/artifact_state/active.png</iconUrl><name>ACTIVE</name><displayName>Active</displayName><disabled>false</disabled><categoryType><id>90d96588360da0c701360da0ef420037</id><objectId>90d96588360da0c701360da0ef420037</objectId><isCriticalSystemObject>true</isCriticalSystemObject><description>Artifact State</description><name>ARTIFACT_STATE</name><displayName>Artifact State</displayName><extensible>false</extensible></categoryType></state><artifactType><id>90d96588360da0c701360da0eec8001a</id><objectId>90d96588360da0c701360da0eec8001a</objectId><createdOn>2016-01-04T00:20:47.942-08:00</createdOn><isCriticalSystemObject>true</isCriticalSystemObject><description>Service Component</description><iconUrl>/csa/images/categories/artifact_type/service_component.png</iconUrl><name>SERVICE_COMPONENT</name><displayName>Service Component</displayName><disabled>false</disabled><categoryType><id>90d96588360da0c701360da0eeb40017</id><objectId>90d96588360da0c701360da0eeb40017</objectId><isCriticalSystemObject>true</isCriticalSystemObject><description>Artifact Type</description><name>ARTIFACT_TYPE</name><displayName>Artifact Type</displayName><extensible>false</extensible></categoryType></artifactType><ownedBy><id>90d96588360da0c701360da0f15b009e</id><objectId>90d96588360da0c701360da0f15b009e</objectId><isCriticalSystemObject>true</isCriticalSystemObject><description>Provider Organization</description><name>CSA-Provider</name><displayName>Provider</displayName><disabled>false</disabled><validUpgrade>false</validUpgrade></ownedBy><disabled>false</disabled><isOutOfSync>false</isOutOfSync><derivedFrom xmlns:xsi="http://www.w3.org/2001/XMLSchema-instance" xsi:type="serviceComponentVO"><id>90d96588360da0c701360da0f20d00ad</id><objectId>90d96588360da0c701360da0f20d00ad</objectId><isCriticalSystemObject>true</isCriticalSystemObject><description>The root component of a service design and represents all the service components HPE CSA needs to realize the infrastructure and applications required for the service.</description><iconUrl>/csa/images/categories/component_type/service_composite.png</iconUrl><name>SERVICE_COMPOSITE</name><displayName>Service Composite</displayName><disabled>false</disabled><validUpgrade>false</validUpgrade><pattern>false</pattern><licensable>false</licensable><createdFromPattern>false</createdFromPattern><toFinalize>false</toFinalize><consumerVisible>true</consumerVisible><upgradeLocked>false</upgradeLocked></derivedFrom><validUpgrade>false</validUpgrade><lifecycleProperties><id>90cefe9552e9952d01530ec5789f2903</id><createdOn>2016-02-23T07:35:35.839-08:00</createdOn><updatedOn>2016-02-23T07:35:35.996-08:00</updatedOn><createdBy><id>90d96588360da0c701360da0f1d600a1</id><objectId>90d96588360da0c701360da0f1d600a1</objectId><isCriticalSystemObject>true</isCriticalSystemObject><description>admin</description><iconUrl>http://localhost/admin</iconUrl><name>admin</name><displayName>admin</displayName><disabled>false</disabled><validUpgrade>false</validUpgrade></createdBy><updatedBy><id>90d96588360da0c701360da0f1d600a1</id><objectId>90d96588360da0c701360da0f1d600a1</objectId><isCriticalSystemObject>true</isCriticalSystemObject><description>admin</description><iconUrl>http://localhost/admin</iconUrl><name>admin</name><displayName>admin</displayName><disabled>false</disabled><validUpgrade>false</validUpgrade></updatedBy><lifecycleComponentOrder>1</lifecycleComponentOrder><lifecycleState><id>90d96588360da0c701360da0f22000b2</id><objectId>90d96588360da0c701360da0f22000b2</objectId><createdOn>2016-01-04T00:20:47.942-08:00</createdOn><isCriticalSystemObject>true</isCriticalSystemObject><description>Described</description><iconUrl>/csa/images/categories/lifecycle_state/described.png</iconUrl><name>DESCRIBED</name><displayName>Described</displayName><disabled>false</disabled><categoryType><id>90d96588360da0c701360da0f21300ae</id><objectId>90d96588360da0c701360da0f21300ae</objectId><isCriticalSystemObject>true</isCriticalSystemObject><description>Lifecycle State</description><name>LIFECYCLE_STATE</name><displayName>Lifecycle State</displayName><extensible>false</extensible></categoryType></lifecycleState><lifecycleSubstate><id>90d96588360da0c701360da0f24200bd</id><objectId>90d96588360da0c701360da0f24200bd</objectId><createdOn>2016-01-04T00:20:47.942-08:00</createdOn><isCriticalSystemObject>true</isCriticalSystemObject><description>Pre Transition</description><iconUrl>/csa/images/categories/lifecycle_substate/pre_transition.png</iconUrl><name>PRE_TRANSITION</name><displayName>Pre Transition</displayName><disabled>false</disabled><categoryType><id>90d96588360da0c701360da0f23e00bc</id><objectId>90d96588360da0c701360da0f23e00bc</objectId><isCriticalSystemObject>true</isCriticalSystemObject><description>Lifecycle Substate</description><name>LIFECYCLE_SUBSTATE</name><displayName>Lifecycle Substate</displayName><extensible>false</extensible></categoryType></lifecycleSubstate><paused>false</paused></lifecycleProperties><componentType><id>90d96588360da0c701360da0f20d00ad</id><objectId>90d96588360da0c701360da0f20d00ad</objectId><createdOn>2016-01-04T00:20:47.942-08:00</createdOn><isCriticalSystemObject>true</isCriticalSystemObject><description>The root component of a service design and represents all the service components HPE CSA needs to realize the infrastructure and applications required for the service.</description><detailedDescription>Service Composite</detailedDescription><iconUrl>/csa/images/categories/component_type/service_composite.png</iconUrl><name>SERVICE_COMPOSITE</name><displayName>Service Composite</displayName><disabled>false</disabled><categoryType><id>90d96588360da0c701360da0f1fa00a7</id><objectId>90d96588360da0c701360da0f1fa00a7</objectId><isCriticalSystemObject>true</isCriticalSystemObject><description>Component Type</description><name>COMPONENT_TYPE</name><displayName>Component Type</displayName><extensible>true</extensible></categoryType></componentType><pattern>false</pattern><licensable>false</licensable><createdFromPattern>false</createdFromPattern><toFinalize>false</toFinalize><consumerVisible>true</consumerVisible><x>0</x><y>0</y><upgradeLocked>false</upgradeLocked></componentRoot><sourceType><id>BD0BC4E6C79FDEB2E04059106D1A5B6A</id><objectId>BD0BC4E6C79FDEB2E04059106D1A5B6A</objectId><createdOn>2016-01-04T00:20:47.942-08:00</createdOn><isCriticalSystemObject>true</isCriticalSystemObject><description>This design was created and is managed by HPE CSA.</description><iconUrl>/csa/images/categories/sourcetype/internal.png</iconUrl><name>INTERNAL</name><displayName>HPE CSA</displayName><disabled>false</disabled><categoryType><id>BD0BC4E6C79BDEB2E04059106D1A5B4E</id><objectId>BD0BC4E6C79BDEB2E04059106D1A5B4E</objectId><isCriticalSystemObject>false</isCriticalSystemObject><description>Source Type</description><name>SOURCE_TYPE</name><displayName>Source Type</displayName><extensible>true</extensible></categoryType></sourceType><serviceDesignerExperienceType><id>90cec76e3fd3cff2013fd3d066f306bf</id><objectId>90cec76e3fd3cff2013fd3d066f306bf</objectId><createdOn>2016-01-04T00:20:47.942-08:00</createdOn><isCriticalSystemObject>true</isCriticalSystemObject><description>Topology based designer experience</description><iconUrl></iconUrl><name>TOPOLOGY_BASED</name><displayName>Topology Based</displayName><disabled>false</disabled><categoryType><id>90cec76e3fd3ce38013fd3cea5bf081a</id><objectId>90cec76e3fd3ce38013fd3cea5bf081a</objectId><isCriticalSystemObject>true</isCriticalSystemObject><description>Service Designer Experience Type</description><name>SERVICE_DESIGNER_EXPER_TYPE</name><displayName>Service Designer Experience Type</displayName><extensible>true</extensible></categoryType></serviceDesignerExperienceType><containerId>90cefe9552e9952d01530ec578052902</containerId><version>5.0.0</version><valid>false</valid><published>false</published><graph>false</graph></ServiceBlueprint>