<Topology _type="Topology">
  <id>d1f48c7c-7ea4-47f1-8616-ae6be17d5c2d</id>
  <groupId>com.hp.csa</groupId>
  <artifactId>90cefe9552e9952d01530ec578052902</artifactId>
  <version>5.0.0</version>
  <description>A two-tier PetClinic Application with Database component installed on MySQL and Application component on Tomcat Server. These components can be deployed on vCenter Servers.</description>
  <resources>
    <id>69d90388-e032-4d76-fcb8-c168ac16685a</id>
    <name>Application Server</name>
    <componentType>
      <groupId>com.hp.csa.type</groupId>
      <artifactId>ApplicationServer</artifactId>
      <version>1</version>
    </componentType>
    <properties>
      <installPath>
        <value/>
        <type>string</type>
      </installPath>
      <hostname>
        <value></value>
        <type>string</type>
      </hostname>
      <password>
        <value/>
        <type>string</type>
      </password>
      <protocol>
        <value></value>
        <type>string</type>
      </protocol>
      <port>
        <value></value>
        <type>string</type>
      </port>
      <username>
        <value></value>
        <type>string</type>
      </username>
    </properties>
    <tags>
      <uniqueName>
        <value>ApplicationServe0001</value>
      </uniqueName>
      <displayName>
        <value>69d90388-e032-4d76-fcb8-c168ac16685a</value>
      </displayName>
      <x>
        <value>788</value>
      </x>
      <description>
        <value>Application Server is a capability component that provides required properties for application servers. Application Server can be associated with concrete components that support this capability, for example PHP and JBoss.</value>
      </description>
      <y>
        <value>324</value>
      </y>
    </tags>
  </resources>
  <resources>
    <id>53c568cf-954f-c8ef-90b9-95996d0203ed</id>
    <name>Database Server</name>
    <componentType>
      <groupId>com.hp.csa.type</groupId>
      <artifactId>DatabaseServer</artifactId>
      <version>1</version>
    </componentType>
    <properties>
      <hostname>
        <value></value>
        <type>string</type>
      </hostname>
      <password>
        <value/>
        <type>string_encrypted</type>
      </password>
      <port>
        <value></value>
        <type>string</type>
      </port>
      <type>
        <value></value>
        <type>string</type>
      </type>
      <username>
        <value></value>
        <type>string</type>
      </username>
    </properties>
    <tags>
      <uniqueName>
        <value>DatabaseServer0001</value>
      </uniqueName>
      <displayName>
        <value>53c568cf-954f-c8ef-90b9-95996d0203ed</value>
      </displayName>
      <x>
        <value>467</value>
      </x>
      <description>
        <value>Database Server is a capability component that provides required properties for database servers. Database Server can be associated with concrete components that support this capability, for example Oracle and MySQL.</value>
      </description>
      <y>
        <value>326</value>
      </y>
    </tags>
  </resources>
  <resources>
    <id>5a1f1c32-be84-6e7d-971c-d260c9edd3e3</id>
    <name>PetClinic DB Configuration</name>
    <componentType>
      <groupId>com.hp.csa.type.HPOO</groupId>
      <artifactId>LibraryIntegrationsHewlettPackardCloudServiceAutomationComponentsHPOOPetClinicDBConfiguration4200000</artifactId>
      <version>4.20.0000</version>
    </componentType>
    <properties>
      <configurationurl>
        <value>http://hpecsademo.hpswlabs.adapps.hp.com:8080/job/Software/ws/mysqldb_conf.sh</value>
        <type>string</type>
      </configurationurl>
      <mysqlusername>
        <value>root</value>
        <type>string</type>
      </mysqlusername>
      <_modifiable_properties>
        <value></value>
        <type>string</type>
      </_modifiable_properties>
      <mysqlpassword>
        <value>ENC(KxPOWhyOfwEgnYTxmjNYGQE3HCqmr9C6)</value>
        <type>string_encrypted</type>
      </mysqlpassword>
      <artifactusername>
        <value/>
        <type>string</type>
      </artifactusername>
      <hostname>
        <value/>
        <type>string</type>
      </hostname>
      <password>
        <value/>
        <type>string_encrypted</type>
      </password>
      <artifactpassword>
        <value/>
        <type>string_encrypted</type>
      </artifactpassword>
      <_enable_modify_during_lifecycle_properties>
        <value></value>
        <type>string</type>
      </_enable_modify_during_lifecycle_properties>
      <port>
        <value>22</value>
        <type>string</type>
      </port>
      <response>
        <value/>
        <type>string</type>
      </response>
      <privatekeyPath>
        <value/>
        <type>string</type>
      </privatekeyPath>
      <remotefilepath>
        <value>/tmp</value>
        <type>string</type>
      </remotefilepath>
      <servicecommand>
        <value>sh /tmp/mysqldb_conf.sh</value>
        <type>string</type>
      </servicecommand>
      <username>
        <value/>
        <type>string</type>
      </username>
    </properties>
    <outgoingRelations>
      <relationType>association</relationType>
      <id>bfa5491a-fd80-13bd-6615-875cbcf05cf2</id>
      <properties>
        <_enable_modify_during_lifecycle_properties>
          <value/>
          <type>string</type>
        </_enable_modify_during_lifecycle_properties>
        <_modifiable_properties>
          <value/>
          <type>string</type>
        </_modifiable_properties>
        <_relation_type>
          <value>
            <first>Association</first>
            <second>ASSOCIATION</second>
          </value>
          <type>pair</type>
        </_relation_type>
      </properties>
      <relationDescriptorName>getDatabaseInfo_LibraryIntegrationsHewlettPackardCloudServiceAutomationComponentsHPOOPetClinicDBConfiguration4200000__VERSION__4^20^0000</relationDescriptorName>
      <topologyResource>
        <id>53c568cf-954f-c8ef-90b9-95996d0203ed</id>
      </topologyResource>
    </outgoingRelations>
    <tags>
      <uniqueName>
        <value>PetClinicDBConfi0001</value>
      </uniqueName>
      <displayName>
        <value>5a1f1c32-be84-6e7d-971c-d260c9edd3e3</value>
      </displayName>
      <x>
        <value>469</value>
      </x>
      <y>
        <value>112</value>
      </y>
    </tags>
  </resources>
  <resources>
    <id>9b4da342-8b49-8c5d-1db4-8062778c9e3b</id>
    <name>PetClinic Application 4 Partial Design</name>
    <componentType>
      <groupId>com.hp.csa.type.HPOO</groupId>
      <artifactId>PetClinicApplication4PartialDesign_bfccdc9dfdf14de788131fd7fdb80f0f</artifactId>
      <version>1.50.0000</version>
    </componentType>
    <properties>
      <configurationurl>
        <value>http://hpecsademo.hpswlabs.adapps.hp.com:8080/job/Software/ws/petclinic_jdbc_conf.sh</value>
        <type>string</type>
      </configurationurl>
      <hostusername>
        <value/>
        <type>string</type>
      </hostusername>
      <mysqlusername>
        <value/>
        <type>string</type>
      </mysqlusername>
      <_modifiable_properties>
        <value>artifacturl</value>
        <type>string</type>
      </_modifiable_properties>
      <localfilepath>
        <value>petclinic.war</value>
        <type>string</type>
      </localfilepath>
      <mysqlpassword>
        <value/>
        <type>string_encrypted</type>
      </mysqlpassword>
      <apphostname>
        <value/>
        <type>string</type>
      </apphostname>
      <result>
        <value/>
        <type>string</type>
      </result>
      <artifactusername>
        <value/>
        <type>string</type>
      </artifactusername>
      <artifactpassword>
        <value/>
        <type>string_encrypted</type>
      </artifactpassword>
      <_enable_modify_during_lifecycle_properties>
        <value></value>
        <type>string</type>
      </_enable_modify_during_lifecycle_properties>
      <dbhostname>
        <value/>
        <type>string</type>
      </dbhostname>
      <dbpassword>
        <value/>
        <type>string_encrypted</type>
      </dbpassword>
      <port>
        <value>22</value>
        <type>string</type>
      </port>
      <tomcathome>
        <value>/opt/tomcat7</value>
        <type>string</type>
      </tomcathome>
      <response>
        <value/>
        <type>string</type>
      </response>
      <artifacturl>
        <value>http://16.78.126.21:8080/job/PetClinic/31/artifact/target/petclinic.war</value>
        <type>string</type>
      </artifacturl>
      <dbusername>
        <value/>
        <type>string</type>
      </dbusername>
      <privatekeyPath>
        <value/>
        <type>string</type>
      </privatekeyPath>
      <remotefilepath>
        <value>/tmp</value>
        <type>string</type>
      </remotefilepath>
      <servicecommand>
        <value>sh /tmp/petclinic_jdbc_conf.sh</value>
        <type>string</type>
      </servicecommand>
      <hostpassword>
        <value/>
        <type>string_encrypted</type>
      </hostpassword>
    </properties>
    <outgoingRelations>
      <relationType>association</relationType>
      <id>2ecb5656-778a-0e20-8f7d-6905620d27e3</id>
      <properties>
        <_enable_modify_during_lifecycle_properties>
          <value/>
          <type>string</type>
        </_enable_modify_during_lifecycle_properties>
        <_modifiable_properties>
          <value/>
          <type>string</type>
        </_modifiable_properties>
        <_relation_type>
          <value>
            <first>Association</first>
            <second>ASSOCIATION</second>
          </value>
          <type>pair</type>
        </_relation_type>
      </properties>
      <relationDescriptorName>deployAppOnPrebakedServer_PetClinicApplication4PartialDesign_bfccdc9dfdf14de788131fd7fdb80f0f__VERSION__1^50^0000__GROUPID__com^hp^csa^type^HPOO</relationDescriptorName>
      <topologyResource>
        <id>69d90388-e032-4d76-fcb8-c168ac16685a</id>
      </topologyResource>
    </outgoingRelations>
    <outgoingRelations>
      <relationType>association</relationType>
      <id>72a97cfc-fec9-0bd5-01a9-372bf0ea4361</id>
      <properties>
        <_enable_modify_during_lifecycle_properties>
          <value/>
          <type>string</type>
        </_enable_modify_during_lifecycle_properties>
        <_modifiable_properties>
          <value/>
          <type>string</type>
        </_modifiable_properties>
        <_relation_type>
          <value>
            <first>Association</first>
            <second>ASSOCIATION</second>
          </value>
          <type>pair</type>
        </_relation_type>
      </properties>
      <relationDescriptorName>getDBInfo_PetClinicApplication4PartialDesign_bfccdc9dfdf14de788131fd7fdb80f0f__VERSION__1^50^0000__GROUPID__com^hp^csa^type^HPOO</relationDescriptorName>
      <topologyResource>
        <id>5a1f1c32-be84-6e7d-971c-d260c9edd3e3</id>
      </topologyResource>
    </outgoingRelations>
    <tags>
      <uniqueName>
        <value>PetClinicApplica0001</value>
      </uniqueName>
      <displayName>
        <value>9b4da342-8b49-8c5d-1db4-8062778c9e3b</value>
      </displayName>
      <x>
        <value>787</value>
      </x>
      <description>
        <value>PetClinic Application for Partial Design</value>
      </description>
      <y>
        <value>107</value>
      </y>
    </tags>
  </resources>
  <displayName>PetClinic Application -  Partial Design Copy</displayName>
  <revision>382</revision>
  <iconUrl>/csa/images/library/petclinic.png</iconUrl>
  <tagIds>
    <tagIds>8a818cf8ara15bc772b0145cb6efjhg99</tagIds>
  </tagIds>
  <tags>
    <serviceBlueprintId>
      <value>90cefe9552e9952d01530ec5793b290a</value>
    </serviceBlueprintId>
    <providerType>
      <value>independent</value>
    </providerType>
  </tags>
  <createdOn>1456241735741</createdOn>
  <updatedOn>1456241736187</updatedOn>
  <state>UNLOCKED</state>
  <hidden>false</hidden>
  <bound>false</bound>
  <partial>true</partial>
</Topology>