{
  "@type" : "ComponentType",
  "id" : "42763710-c5e0-488e-8421-fc5720b43d65",
  "groupId" : "com.hp.csa.type",
  "artifactId" : "TomcatPre-bakedExistingServer_4fc1ca8125aa474f8dc16ebf11c4abaa",
  "version" : "1",
  "abstract" : false,
  "capability" : false,
  "description" : "Tocmat Prebaked Existing Server Component",
  "actions" : [ {
    "name" : "deploy",
    "displayName" : "Deploy",
    "inputParameters" : [ {
      "name" : "HOST-FQDN",
      "displayName" : "HOST-FQDN",
      "required" : false,
      "confidential" : false,
      "displayNames" : {
        "en-US" : {
          "value" : "HOST-FQDN"
        }
      },
      "descriptions" : { },
      "type" : "string"
    }, {
      "name" : "IPADDRESS",
      "displayName" : "IPADDRESS",
      "required" : true,
      "confidential" : false,
      "displayNames" : {
        "en-US" : {
          "value" : "IPADDRESS"
        }
      },
      "descriptions" : { },
      "type" : "string"
    }, {
      "name" : "PASSWORD",
      "displayName" : "PASSWORD",
      "required" : false,
      "confidential" : true,
      "displayNames" : {
        "en-US" : {
          "value" : "PASSWORD"
        }
      },
      "descriptions" : { },
      "type" : "string"
    }, {
      "name" : "SSHPORT",
      "displayName" : "SSHPORT",
      "required" : false,
      "confidential" : false,
      "displayNames" : {
        "en-US" : {
          "value" : "SSHPORT"
        }
      },
      "descriptions" : { },
      "type" : "string"
    }, {
      "name" : "PRIVATEKEY",
      "displayName" : "PRIVATEKEY",
      "required" : false,
      "confidential" : false,
      "displayNames" : {
        "en-US" : {
          "value" : "PRIVATEKEY"
        }
      },
      "descriptions" : { },
      "type" : "string"
    }, {
      "name" : "TIMEOUT",
      "displayName" : "TIMEOUT",
      "required" : false,
      "confidential" : false,
      "displayNames" : {
        "en-US" : {
          "value" : "TIMEOUT"
        }
      },
      "descriptions" : { },
      "type" : "string"
    }, {
      "name" : "USERNAME",
      "displayName" : "USERNAME",
      "required" : false,
      "confidential" : false,
      "displayNames" : {
        "en-US" : {
          "value" : "USERNAME"
        }
      },
      "descriptions" : { },
      "type" : "string"
    } ],
    "outputParameters" : [ {
      "name" : "response",
      "displayName" : "response",
      "required" : false,
      "confidential" : false,
      "displayNames" : {
        "en-US" : {
          "value" : "response"
        }
      },
      "descriptions" : { },
      "type" : "string"
    }, {
      "name" : "Result",
      "displayName" : "Result",
      "required" : false,
      "confidential" : false,
      "displayNames" : {
        "en-US" : {
          "value" : "Result"
        }
      },
      "descriptions" : { },
      "type" : "string"
    }, {
      "name" : "INSTANCE-ID",
      "displayName" : "INSTANCE-ID",
      "required" : false,
      "confidential" : false,
      "displayNames" : {
        "en-US" : {
          "value" : "INSTANCE-ID"
        }
      },
      "descriptions" : { },
      "type" : "string"
    } ],
    "lifecycleAction" : "Deploy",
    "final" : false,
    "visible" : false,
    "displayNames" : {
      "en-US" : {
        "value" : "Deploy"
      }
    },
    "descriptions" : { }
  }, {
    "name" : "undeploy",
    "displayName" : "Undeploy",
    "inputParameters" : [ ],
    "outputParameters" : [ {
      "name" : "response",
      "displayName" : "response",
      "required" : false,
      "confidential" : false,
      "displayNames" : {
        "en-US" : {
          "value" : "response"
        }
      },
      "descriptions" : { },
      "type" : "string"
    }, {
      "name" : "Result",
      "displayName" : "Result",
      "required" : false,
      "confidential" : false,
      "displayNames" : {
        "en-US" : {
          "value" : "Result"
        }
      },
      "descriptions" : { },
      "type" : "string"
    } ],
    "lifecycleAction" : "Undeploy",
    "final" : false,
    "visible" : false,
    "displayNames" : {
      "en-US" : {
        "value" : "Undeploy"
      }
    },
    "descriptions" : { }
  } ],
  "relations" : [ ],
  "properties" : [ {
    "name" : "HOST-FQDN",
    "type" : "string",
    "minOccurs" : 0,
    "maxOccurs" : 1,
    "mode" : "INPUT_OUTPUT",
    "subProperties" : [ ],
    "displayName" : "HOST-FQDN",
    "confidential" : false,
    "tags" : {
      "{urn:x-hp:2013:software:ccue:designer:descriptor-schema}unitDescription" : null,
      "{urn:x-hp:2013:software:ccue:designer:descriptor-schema}validatorId" : null,
      "{urn:x-hp:2013:software:ccue:designer:descriptor-schema}tabSet" : "VIEW,EDIT",
      "maxLength" : "4000"
    },
    "consumerVisible" : true,
    "displayNames" : {
      "en-US" : {
        "value" : "HOST-FQDN"
      }
    },
    "descriptions" : { }
  }, {
    "name" : "INSTANCE-ID",
    "type" : "string",
    "minOccurs" : 0,
    "maxOccurs" : 1,
    "mode" : "INPUT_OUTPUT",
    "subProperties" : [ ],
    "displayName" : "INSTANCE-ID",
    "confidential" : false,
    "tags" : {
      "{urn:x-hp:2013:software:ccue:designer:descriptor-schema}unitDescription" : null,
      "{urn:x-hp:2013:software:ccue:designer:descriptor-schema}validatorId" : null,
      "{urn:x-hp:2013:software:ccue:designer:descriptor-schema}computed" : "true",
      "{urn:x-hp:2013:software:ccue:designer:descriptor-schema}hidden" : "true",
      "{urn:x-hp:2013:software:ccue:designer:descriptor-schema}tabSet" : "VIEW,EDIT",
      "maxLength" : "4000"
    },
    "consumerVisible" : true,
    "displayNames" : {
      "en-US" : {
        "value" : "INSTANCE-ID"
      }
    },
    "descriptions" : { }
  }, {
    "name" : "IPADDRESS",
    "type" : "string",
    "minOccurs" : 1,
    "maxOccurs" : 1,
    "mode" : "INPUT_OUTPUT",
    "subProperties" : [ ],
    "displayName" : "IPADDRESS",
    "confidential" : false,
    "tags" : {
      "{urn:x-hp:2013:software:ccue:designer:descriptor-schema}unitDescription" : null,
      "{urn:x-hp:2013:software:ccue:designer:descriptor-schema}validatorId" : null,
      "{urn:x-hp:2013:software:ccue:designer:descriptor-schema}tabSet" : "VIEW,EDIT",
      "maxLength" : "4000"
    },
    "consumerVisible" : true,
    "displayNames" : {
      "en-US" : {
        "value" : "IPADDRESS"
      }
    },
    "descriptions" : { }
  }, {
    "name" : "PASSWORD",
    "type" : "string",
    "minOccurs" : 0,
    "maxOccurs" : 1,
    "mode" : "INPUT_OUTPUT",
    "subProperties" : [ ],
    "displayName" : "PASSWORD",
    "confidential" : true,
    "tags" : {
      "{urn:x-hp:2013:software:ccue:designer:descriptor-schema}unitDescription" : null,
      "{urn:x-hp:2013:software:ccue:designer:descriptor-schema}validatorId" : null,
      "{urn:x-hp:2013:software:ccue:designer:descriptor-schema}tabSet" : "VIEW,EDIT",
      "maxLength" : "4000"
    },
    "consumerVisible" : false,
    "displayNames" : {
      "en-US" : {
        "value" : "PASSWORD"
      }
    },
    "descriptions" : { }
  }, {
    "name" : "PRIVATEKEY",
    "type" : "string",
    "minOccurs" : 0,
    "maxOccurs" : 1,
    "mode" : "INPUT_OUTPUT",
    "subProperties" : [ ],
    "displayName" : "PRIVATEKEY",
    "confidential" : false,
    "tags" : {
      "{urn:x-hp:2013:software:ccue:designer:descriptor-schema}unitDescription" : null,
      "{urn:x-hp:2013:software:ccue:designer:descriptor-schema}validatorId" : null,
      "{urn:x-hp:2013:software:ccue:designer:descriptor-schema}tabSet" : "VIEW,EDIT",
      "{urn:x-hp:2013:software:ccue:designer:descriptor-schema}widget:VIEW" : "descriptionViewer",
      "maxLength" : "4000",
      "{urn:x-hp:2013:software:ccue:designer:descriptor-schema}widget:EDIT" : "multiLineStringEditor"
    },
    "consumerVisible" : true,
    "displayNames" : {
      "en-US" : {
        "value" : "PRIVATEKEY"
      }
    },
    "descriptions" : { }
  }, {
    "name" : "Result",
    "type" : "string",
    "minOccurs" : 0,
    "maxOccurs" : 1,
    "mode" : "INPUT_OUTPUT",
    "subProperties" : [ ],
    "displayName" : "Result",
    "confidential" : false,
    "tags" : {
      "{urn:x-hp:2013:software:ccue:designer:descriptor-schema}unitDescription" : null,
      "{urn:x-hp:2013:software:ccue:designer:descriptor-schema}validatorId" : null,
      "{urn:x-hp:2013:software:ccue:designer:descriptor-schema}computed" : "true",
      "{urn:x-hp:2013:software:ccue:designer:descriptor-schema}hidden" : "true",
      "{urn:x-hp:2013:software:ccue:designer:descriptor-schema}tabSet" : "VIEW,EDIT",
      "maxLength" : "4000"
    },
    "consumerVisible" : true,
    "displayNames" : {
      "en-US" : {
        "value" : "Result"
      }
    },
    "descriptions" : { }
  }, {
    "name" : "SSHPORT",
    "type" : "string",
    "minOccurs" : 0,
    "maxOccurs" : 1,
    "mode" : "INPUT_OUTPUT",
    "subProperties" : [ ],
    "displayName" : "SSHPORT",
    "confidential" : false,
    "tags" : {
      "{urn:x-hp:2013:software:ccue:designer:descriptor-schema}unitDescription" : null,
      "{urn:x-hp:2013:software:ccue:designer:descriptor-schema}validatorId" : null,
      "{urn:x-hp:2013:software:ccue:designer:descriptor-schema}tabSet" : "VIEW,EDIT",
      "maxLength" : "4000"
    },
    "consumerVisible" : true,
    "displayNames" : {
      "en-US" : {
        "value" : "SSHPORT"
      }
    },
    "descriptions" : { }
  }, {
    "name" : "TIMEOUT",
    "type" : "string",
    "minOccurs" : 0,
    "maxOccurs" : 1,
    "mode" : "INPUT_OUTPUT",
    "defaultValue" : {
      "value" : "90000",
      "type" : "string"
    },
    "subProperties" : [ ],
    "displayName" : "TIMEOUT",
    "confidential" : false,
    "tags" : {
      "{urn:x-hp:2013:software:ccue:designer:descriptor-schema}unitDescription" : null,
      "{urn:x-hp:2013:software:ccue:designer:descriptor-schema}validatorId" : null,
      "{urn:x-hp:2013:software:ccue:designer:descriptor-schema}hidden" : "true",
      "{urn:x-hp:2013:software:ccue:designer:descriptor-schema}tabSet" : "VIEW,EDIT",
      "maxLength" : "4000"
    },
    "consumerVisible" : true,
    "displayNames" : {
      "en-US" : {
        "value" : "TIMEOUT"
      }
    },
    "descriptions" : { }
  }, {
    "name" : "USERNAME",
    "type" : "string",
    "minOccurs" : 0,
    "maxOccurs" : 1,
    "mode" : "INPUT_OUTPUT",
    "subProperties" : [ ],
    "displayName" : "USERNAME",
    "confidential" : false,
    "tags" : {
      "{urn:x-hp:2013:software:ccue:designer:descriptor-schema}unitDescription" : null,
      "{urn:x-hp:2013:software:ccue:designer:descriptor-schema}validatorId" : null,
      "{urn:x-hp:2013:software:ccue:designer:descriptor-schema}tabSet" : "VIEW,EDIT",
      "maxLength" : "4000"
    },
    "consumerVisible" : true,
    "displayNames" : {
      "en-US" : {
        "value" : "USERNAME"
      }
    },
    "descriptions" : { }
  }, {
    "name" : "response",
    "type" : "string",
    "minOccurs" : 0,
    "maxOccurs" : 1,
    "mode" : "INPUT_OUTPUT",
    "subProperties" : [ ],
    "displayName" : "response",
    "confidential" : false,
    "tags" : {
      "{urn:x-hp:2013:software:ccue:designer:descriptor-schema}unitDescription" : null,
      "{urn:x-hp:2013:software:ccue:designer:descriptor-schema}validatorId" : null,
      "{urn:x-hp:2013:software:ccue:designer:descriptor-schema}computed" : "true",
      "{urn:x-hp:2013:software:ccue:designer:descriptor-schema}hidden" : "true",
      "{urn:x-hp:2013:software:ccue:designer:descriptor-schema}tabSet" : "VIEW,EDIT",
      "maxLength" : "4000"
    },
    "consumerVisible" : true,
    "displayNames" : {
      "en-US" : {
        "value" : "response"
      }
    },
    "descriptions" : { }
  } ],
  "displayName" : "Tomcat Pre-baked Existing Server",
  "capabilities" : [ {
    "typeRef" : {
      "artifactId" : "ApplicationServer",
      "groupId" : "com.hp.csa.type",
      "version" : "1"
    },
    "propertyMapping" : {
      "hostname" : "HOST-FQDN",
      "password" : "PASSWORD",
      "username" : "USERNAME"
    },
    "capabilityCharacteristics" : [ ]
  } ],
  "characteristics" : [ ],
  "tagIds" : [ "90cefe95520bc74a01521b9317981821" ],
  "revision" : 5,
  "resourceType" : "SERVER",
  "tags" : {
    "origin" : "embraced",
    "designer.name.uri" : "urn:x-hp:2013:software:ccue:designer:topology-metamodel:oo",
    "designer.name.localPart" : "TomcatPre-bakedExistingServer_4fc1ca8125aa474f8dc16ebf11c4abaa__VERSION__1__GROUPID__com.hp.csa.type",
    "iconUrl" : "/csa/api/blobstore/tomcat.png?tag=library"
  },
  "final" : false,
  "displayNames" : {
    "en-US" : {
      "value" : "Tomcat Pre-baked Existing Server"
    }
  },
  "descriptions" : {
    "en-US" : {
      "value" : "Tocmat Prebaked Existing Server Component"
    }
  }
}