<?xml version="1.0" encoding="UTF-8" standalone="yes"?><manifest><archiveItems><item>SERVICE_DESIGN_Tomcat_Prebaked_Server_1.0.0_90cefe95520bc74a01521b358e9617ad.xml</item><itemLocation>com.hp.csa.model.vo.service.ServiceBlueprintVO</itemLocation><itemType>com.hp.csa.model.vo.service.ServiceBlueprintVO</itemType></archiveItems><archiveItems><item>service_composite.png</item><itemLocation>\images\categories\component_type\service_composite.png</itemLocation><itemType>File</itemType></archiveItems><archiveItems><item>organizationDefault58.png</item><itemLocation>\images\library\organizationDefault58.png</itemLocation><itemType>File</itemType></archiveItems><archiveItems><item>Software_RGB_blue_NT.png</item><itemLocation>\images\library\Software_RGB_blue_NT.png</itemLocation><itemType>File</itemType></archiveItems><archiveItems><item>pets.png</item><itemLocation>\images\library\pets.png</itemLocation><itemType>File</itemType></archiveItems><archiveItems><item>tomcat.png</item><itemLocation>\images\library\tomcat.png</itemLocation><itemType>File</itemType></archiveItems><archiveItems><item>COMPONENTTYPE_com.hp.csa.type_ApplicationServer_1.json</item><itemLocation>com.hp.csa.topology.model.ComponentType</itemLocation><itemType>com.hp.csa.topology.model.ComponentType</itemType></archiveItems><archiveItems><item>SERVER.svg</item><itemLocation>/images/library/SERVER.svg</itemLocation><itemType>File</itemType></archiveItems><archiveItems><item>COMPONENTTYPE_com.hp.csa.type_TomcatPre-bakedExistingServer_4fc1ca8125aa474f8dc16ebf11c4abaa_1.json</item><itemLocation>com.hp.csa.topology.model.ComponentType</itemLocation><itemType>com.hp.csa.topology.model.ComponentType</itemType></archiveItems><archiveItems><item>TAG_90cefe95520bc74a01521b9317981821.xml</item><itemLocation>com.hp.csa.model.vo.base.TagVO</itemLocation><itemType>com.hp.csa.model.vo.base.TagVO</itemType></archiveItems><archiveItems><item>other.png</item><itemLocation>\images\library\other.png</itemLocation><itemType>File</itemType></archiveItems><archiveItems><item>COMPONENTTEMPLATE_com.hp.csa.template_TomcatPre-bakedExistingServer_4fc1ca8125aa474f8dc16ebf11c4abaa_1.json</item><itemLocation>com.hp.csa.topology.model.ComponentTemplate</itemLocation><itemType>com.hp.csa.topology.model.ComponentTemplate</itemType></archiveItems><archiveItems><item>TOPOLOGY_Tomcat Prebaked Server_5438ae3d-6cc8-4bb4-9876-ea226b49d657.xml</item><itemLocation>com.hp.csa.topology.model.Topology</itemLocation><itemType>com.hp.csa.topology.model.Topology</itemType></archiveItems><csaVersion>04.60.0000.0</csaVersion></manifest>