<?xml version="1.0" encoding="UTF-8" standalone="yes"?><ServiceBlueprint><id>90cefe95520bc74a01521b358e9617ad</id><objectId>90cefe95520bc74a01521b358e9617ad</objectId><createdOn>2016-01-07T00:30:40.790-08:00</createdOn><updatedOn>2016-02-18T01:36:54.913-08:00</updatedOn><createdBy><id>90cefe95520bc74a0152106cb20b03e0</id><objectId>90cefe95520bc74a0152106cb20b03e0</objectId><isCriticalSystemObject>false</isCriticalSystemObject><name>Linda</name><disabled>false</disabled><validUpgrade>false</validUpgrade></createdBy><updatedBy><id>90d96588360da0c701360da0f1d600a1</id><objectId>90d96588360da0c701360da0f1d600a1</objectId><isCriticalSystemObject>true</isCriticalSystemObject><description>admin</description><iconUrl>http://localhost/admin</iconUrl><name>admin</name><displayName>admin</displayName><disabled>false</disabled><validUpgrade>false</validUpgrade></updatedBy><isCriticalSystemObject>false</isCriticalSystemObject><description></description><iconUrl>/csa/images/library/tomcat.png</iconUrl><name>116c4b78-5ff9-49c1-8295-828258d733bf</name><displayName>Tomcat Prebaked Server</displayName><state><id>90d96588360da0c701360da0ef470038</id><objectId>90d96588360da0c701360da0ef470038</objectId><createdOn>2016-01-04T00:20:47.942-08:00</createdOn><isCriticalSystemObject>true</isCriticalSystemObject><description>Active</description><iconUrl>/csa/images/categories/artifact_state/active.png</iconUrl><name>ACTIVE</name><displayName>Active</displayName><disabled>false</disabled><categoryType><id>90d96588360da0c701360da0ef420037</id><objectId>90d96588360da0c701360da0ef420037</objectId><isCriticalSystemObject>true</isCriticalSystemObject><description>Artifact State</description><name>ARTIFACT_STATE</name><displayName>Artifact State</displayName><extensible>false</extensible></categoryType></state><optionModel><id>90cefe95520bc74a01521b358e9617af</id><objectId>90cefe95520bc74a01521b358e9617af</objectId><createdOn>2016-01-07T00:30:40.790-08:00</createdOn><updatedOn>2016-02-18T01:36:54.914-08:00</updatedOn><createdBy><id>90cefe95520bc74a0152106cb20b03e0</id><objectId>90cefe95520bc74a0152106cb20b03e0</objectId><isCriticalSystemObject>false</isCriticalSystemObject><name>Linda</name><disabled>false</disabled><validUpgrade>false</validUpgrade></createdBy><updatedBy><id>90d96588360da0c701360da0f1d600a1</id><objectId>90d96588360da0c701360da0f1d600a1</objectId><isCriticalSystemObject>true</isCriticalSystemObject><description>admin</description><iconUrl>http://localhost/admin</iconUrl><name>admin</name><displayName>admin</displayName><disabled>false</disabled><validUpgrade>false</validUpgrade></updatedBy><isCriticalSystemObject>false</isCriticalSystemObject><name>Tomcat Prebaked Server</name><upgradeLocked>false</upgradeLocked></optionModel><artifactType><id>75f747551889482f8868215847d06620</id><objectId>75f747551889482f8868215847d06620</objectId><createdOn>2016-01-04T00:20:47.942-08:00</createdOn><isCriticalSystemObject>true</isCriticalSystemObject><description>Topology Service Blueprint</description><iconUrl>/csa/images/categories/artifact_type/service_blueprint.png</iconUrl><name>TOPOLOGY_SERVICE_BLUEPRINT</name><displayName>Topology Service Blueprint</displayName><disabled>false</disabled><categoryType><id>90d96588360da0c701360da0eeb40017</id><objectId>90d96588360da0c701360da0eeb40017</objectId><isCriticalSystemObject>true</isCriticalSystemObject><description>Artifact Type</description><name>ARTIFACT_TYPE</name><displayName>Artifact Type</displayName><extensible>false</extensible></categoryType></artifactType><disabled>false</disabled><artifactContainer><id>90cefe95520bc74a01521b358aed17a7</id><objectId>90cefe95520bc74a01521b358aed17a7</objectId><isCriticalSystemObject>false</isCriticalSystemObject><description></description><iconUrl>/csa/images/library/tomcat.png</iconUrl><name>46d8a09d-f529-42e3-bf85-79d4525ec7f8</name><displayName>Tomcat Prebaked Server</displayName><disabled>false</disabled><validUpgrade>false</validUpgrade></artifactContainer><tag><id>0c8ae53917c14e8f98a11e45eef386e0</id><createdOn>2016-01-04T00:20:50.807-08:00</createdOn><updatedOn>2016-01-04T00:20:50.807-08:00</updatedOn><isCriticalSystemObject>false</isCriticalSystemObject><description>Staging Service Designs</description><detailedDescription>Micro designs associated with Staging Lifecycle stage for Codar</detailedDescription><iconUrl>/csa/images/library/organizationDefault58.png</iconUrl><name>Staging_Micro_Service_91878b5c-b057-4152-8ddf-120a58aefcf6</name><displayName>Staging</displayName><color>#dbadff</color><artifactType><id>824b4cd4011646dea116c090dc391247</id><createdOn>2016-01-04T00:20:47.942-08:00</createdOn><isCriticalSystemObject>true</isCriticalSystemObject><description>Lifecycle Artifact Container</description><iconUrl>/csa/images/categories/artifact_type/lifecycle_artifact_container.png</iconUrl><name>LIFECYCLE_ARTIFACT_CONTAINER</name><displayName>Lifecycle Artifact Container</displayName><disabled>false</disabled><categoryType><id>90d96588360da0c701360da0eeb40017</id><createdOn>2016-01-04T00:20:47.833-08:00</createdOn><isCriticalSystemObject>true</isCriticalSystemObject><description>Artifact Type</description><name>ARTIFACT_TYPE</name><displayName>Artifact Type</displayName><extensible>false</extensible></categoryType></artifactType><versionNumber>1</versionNumber></tag><tag><id>775566f589944c489c7caaaf91ce3e8d</id><createdOn>2016-01-04T00:20:50.807-08:00</createdOn><updatedOn>2016-01-04T00:20:50.807-08:00</updatedOn><isCriticalSystemObject>false</isCriticalSystemObject><description>Production Service Designs</description><detailedDescription>Micro designs associated with Production Lifecycle stage for Codar</detailedDescription><iconUrl>/csa/images/library/organizationDefault58.png</iconUrl><name>Production_Micro_Service_84c97a48-e8bb-4440-b963-bd491c85bd82</name><displayName>Production</displayName><color>#ff887c</color><artifactType><id>824b4cd4011646dea116c090dc391247</id><createdOn>2016-01-04T00:20:47.942-08:00</createdOn><isCriticalSystemObject>true</isCriticalSystemObject><description>Lifecycle Artifact Container</description><iconUrl>/csa/images/categories/artifact_type/lifecycle_artifact_container.png</iconUrl><name>LIFECYCLE_ARTIFACT_CONTAINER</name><displayName>Lifecycle Artifact Container</displayName><disabled>false</disabled><categoryType><id>90d96588360da0c701360da0eeb40017</id><createdOn>2016-01-04T00:20:47.833-08:00</createdOn><isCriticalSystemObject>true</isCriticalSystemObject><description>Artifact Type</description><name>ARTIFACT_TYPE</name><displayName>Artifact Type</displayName><extensible>false</extensible></categoryType></artifactType><versionNumber>1</versionNumber></tag><tag><id>90cefe9552ab0f900152cd71911b3526</id><createdOn>2016-02-10T15:08:38.043-08:00</createdOn><updatedOn>2016-02-10T15:08:38.043-08:00</updatedOn><isCriticalSystemObject>false</isCriticalSystemObject><iconUrl>/csa/images/library/Software_RGB_blue_NT.png</iconUrl><name>Demo_Micro_Service_Designs_0bb4bc1c-06c0-4051-a6f7-c945c879b368</name><displayName>Demo Micro Service Designs</displayName><color>#fbd75b</color><artifactType><id>4a962cf3cdb74b6985fd39a16903a7fc</id><createdOn>2016-01-04T00:20:47.942-08:00</createdOn><isCriticalSystemObject>true</isCriticalSystemObject><description>Topology Artifact Container</description><iconUrl>/csa/images/categories/artifact_type/topology_artifact_container.png</iconUrl><name>TOPOLOGY_ARTIFACT_CONTAINER</name><displayName>Topology Artifact Container</displayName><disabled>false</disabled><categoryType><id>90d96588360da0c701360da0eeb40017</id><createdOn>2016-01-04T00:20:47.833-08:00</createdOn><isCriticalSystemObject>true</isCriticalSystemObject><description>Artifact Type</description><name>ARTIFACT_TYPE</name><displayName>Artifact Type</displayName><extensible>false</extensible></categoryType></artifactType><versionNumber>1</versionNumber></tag><tag><id>90cefe9552ab0f900152ce55c1d0431c</id><createdOn>2016-02-10T19:17:52.720-08:00</createdOn><updatedOn>2016-02-10T19:17:52.720-08:00</updatedOn><isCriticalSystemObject>false</isCriticalSystemObject><description>Security Testing Service Designs</description><iconUrl>/csa/api/blobstore/information.png?tag=library</iconUrl><name>SECURITY_TESTING</name><displayName>Security Testing</displayName><color>#ffb878</color><artifactType><id>824b4cd4011646dea116c090dc391247</id><createdOn>2016-01-04T00:20:47.942-08:00</createdOn><isCriticalSystemObject>true</isCriticalSystemObject><description>Lifecycle Artifact Container</description><iconUrl>/csa/images/categories/artifact_type/lifecycle_artifact_container.png</iconUrl><name>LIFECYCLE_ARTIFACT_CONTAINER</name><displayName>Lifecycle Artifact Container</displayName><disabled>false</disabled><categoryType><id>90d96588360da0c701360da0eeb40017</id><createdOn>2016-01-04T00:20:47.833-08:00</createdOn><isCriticalSystemObject>true</isCriticalSystemObject><description>Artifact Type</description><name>ARTIFACT_TYPE</name><displayName>Artifact Type</displayName><extensible>false</extensible></categoryType></artifactType><versionNumber>1</versionNumber></tag><tag><id>90cefe95527951240152a46d554c4c39</id><createdOn>2016-02-02T15:59:34.732-08:00</createdOn><updatedOn>2016-02-02T15:59:34.732-08:00</updatedOn><isCriticalSystemObject>false</isCriticalSystemObject><description>Functional Testing Service Designs</description><iconUrl>/csa/api/blobstore/Service_Design.png?tag=library</iconUrl><name>FUNCTIONAL_TESTING</name><displayName>Functional Testing</displayName><color>#7bd148</color><artifactType><id>824b4cd4011646dea116c090dc391247</id><createdOn>2016-01-04T00:20:47.942-08:00</createdOn><isCriticalSystemObject>true</isCriticalSystemObject><description>Lifecycle Artifact Container</description><iconUrl>/csa/images/categories/artifact_type/lifecycle_artifact_container.png</iconUrl><name>LIFECYCLE_ARTIFACT_CONTAINER</name><displayName>Lifecycle Artifact Container</displayName><disabled>false</disabled><categoryType><id>90d96588360da0c701360da0eeb40017</id><createdOn>2016-01-04T00:20:47.833-08:00</createdOn><isCriticalSystemObject>true</isCriticalSystemObject><description>Artifact Type</description><name>ARTIFACT_TYPE</name><displayName>Artifact Type</displayName><extensible>false</extensible></categoryType></artifactType><versionNumber>1</versionNumber></tag><tag><id>90cefe95520bc74a0152106415f103dc</id><createdOn>2016-01-04T22:05:40.721-08:00</createdOn><updatedOn>2016-02-03T11:54:01.655-08:00</updatedOn><isCriticalSystemObject>false</isCriticalSystemObject><description>PreProduction Service Designs</description><iconUrl>/csa/api/blobstore/network_connection.png?tag=library</iconUrl><name>PREPRODUCTION</name><displayName>PreProduction</displayName><color>#7bd148</color><artifactType><id>824b4cd4011646dea116c090dc391247</id><createdOn>2016-01-04T00:20:47.942-08:00</createdOn><isCriticalSystemObject>true</isCriticalSystemObject><description>Lifecycle Artifact Container</description><iconUrl>/csa/images/categories/artifact_type/lifecycle_artifact_container.png</iconUrl><name>LIFECYCLE_ARTIFACT_CONTAINER</name><displayName>Lifecycle Artifact Container</displayName><disabled>false</disabled><categoryType><id>90d96588360da0c701360da0eeb40017</id><createdOn>2016-01-04T00:20:47.833-08:00</createdOn><isCriticalSystemObject>true</isCriticalSystemObject><description>Artifact Type</description><name>ARTIFACT_TYPE</name><displayName>Artifact Type</displayName><extensible>false</extensible></categoryType></artifactType><versionNumber>1</versionNumber></tag><tag><id>90cefe95520bc74a0152314430df46bc</id><createdOn>2016-01-11T07:18:18.591-08:00</createdOn><updatedOn>2016-02-11T13:21:46.447-08:00</updatedOn><isCriticalSystemObject>false</isCriticalSystemObject><description>LoadTesting Service Designs</description><iconUrl>/csa/api/blobstore/Trust%20Server_48.png?tag=library</iconUrl><name>LOADTESTING</name><displayName>LoadTesting</displayName><color>#7bd148</color><artifactType><id>824b4cd4011646dea116c090dc391247</id><createdOn>2016-01-04T00:20:47.942-08:00</createdOn><isCriticalSystemObject>true</isCriticalSystemObject><description>Lifecycle Artifact Container</description><iconUrl>/csa/images/categories/artifact_type/lifecycle_artifact_container.png</iconUrl><name>LIFECYCLE_ARTIFACT_CONTAINER</name><displayName>Lifecycle Artifact Container</displayName><disabled>false</disabled><categoryType><id>90d96588360da0c701360da0eeb40017</id><createdOn>2016-01-04T00:20:47.833-08:00</createdOn><isCriticalSystemObject>true</isCriticalSystemObject><description>Artifact Type</description><name>ARTIFACT_TYPE</name><displayName>Artifact Type</displayName><extensible>false</extensible></categoryType></artifactType><versionNumber>1</versionNumber></tag><tag><id>d22c213f7e644d1d8362b2830b2c93a9</id><createdOn>2016-01-04T00:20:50.807-08:00</createdOn><updatedOn>2016-01-04T00:20:50.807-08:00</updatedOn><isCriticalSystemObject>false</isCriticalSystemObject><description>Development Service Designs</description><detailedDescription>Micro designs associated with Developement Lifecycle stage for Codar</detailedDescription><iconUrl>/csa/images/library/organizationDefault58.png</iconUrl><name>Development_Micro_Service_a95b6111-f835-4190-90a8-4c1237d28d79</name><displayName>Development</displayName><color>#ffb878</color><artifactType><id>824b4cd4011646dea116c090dc391247</id><createdOn>2016-01-04T00:20:47.942-08:00</createdOn><isCriticalSystemObject>true</isCriticalSystemObject><description>Lifecycle Artifact Container</description><iconUrl>/csa/images/categories/artifact_type/lifecycle_artifact_container.png</iconUrl><name>LIFECYCLE_ARTIFACT_CONTAINER</name><displayName>Lifecycle Artifact Container</displayName><disabled>false</disabled><categoryType><id>90d96588360da0c701360da0eeb40017</id><createdOn>2016-01-04T00:20:47.833-08:00</createdOn><isCriticalSystemObject>true</isCriticalSystemObject><description>Artifact Type</description><name>ARTIFACT_TYPE</name><displayName>Artifact Type</displayName><extensible>false</extensible></categoryType></artifactType><versionNumber>1</versionNumber></tag><tag><id>90cefe9552a699fd0152a9531e092287</id><createdOn>2016-02-03T14:49:02.729-08:00</createdOn><updatedOn>2016-02-03T14:49:02.729-08:00</updatedOn><isCriticalSystemObject>false</isCriticalSystemObject><description>API Testing Service Designs</description><iconUrl>/csa/api/blobstore/Service_Design.png?tag=library</iconUrl><name>API_TESTING</name><displayName>API Testing</displayName><color>#7bd148</color><artifactType><id>824b4cd4011646dea116c090dc391247</id><createdOn>2016-01-04T00:20:47.942-08:00</createdOn><isCriticalSystemObject>true</isCriticalSystemObject><description>Lifecycle Artifact Container</description><iconUrl>/csa/images/categories/artifact_type/lifecycle_artifact_container.png</iconUrl><name>LIFECYCLE_ARTIFACT_CONTAINER</name><displayName>Lifecycle Artifact Container</displayName><disabled>false</disabled><categoryType><id>90d96588360da0c701360da0eeb40017</id><createdOn>2016-01-04T00:20:47.833-08:00</createdOn><isCriticalSystemObject>true</isCriticalSystemObject><description>Artifact Type</description><name>ARTIFACT_TYPE</name><displayName>Artifact Type</displayName><extensible>false</extensible></categoryType></artifactType><versionNumber>1</versionNumber></tag><tag><id>90cefe95520bc74a015210222e3c0327</id><createdOn>2015-07-08T09:41:44.356-07:00</createdOn><updatedOn>2016-01-04T20:53:41.564-08:00</updatedOn><isCriticalSystemObject>false</isCriticalSystemObject><iconUrl>/csa/images/library/pets.png</iconUrl><name>Discover_Demo_Apps_0eb1fdca-19dc-45bd-afbd-43dec3b5bfd6</name><displayName>PetClinic - App Designs</displayName><color>#dc2127</color><artifactType><id>4a962cf3cdb74b6985fd39a16903a7fc</id><createdOn>2016-01-04T00:20:47.942-08:00</createdOn><isCriticalSystemObject>true</isCriticalSystemObject><description>Topology Artifact Container</description><iconUrl>/csa/images/categories/artifact_type/topology_artifact_container.png</iconUrl><name>TOPOLOGY_ARTIFACT_CONTAINER</name><displayName>Topology Artifact Container</displayName><disabled>false</disabled><categoryType><id>90d96588360da0c701360da0eeb40017</id><createdOn>2016-01-04T00:20:47.833-08:00</createdOn><isCriticalSystemObject>true</isCriticalSystemObject><description>Artifact Type</description><name>ARTIFACT_TYPE</name><displayName>Artifact Type</displayName><extensible>false</extensible></categoryType></artifactType><versionNumber>1</versionNumber></tag><tag><id>ede6b70286454f929d9566b8016f282e</id><createdOn>2016-01-04T00:20:50.807-08:00</createdOn><updatedOn>2016-01-04T00:20:50.807-08:00</updatedOn><isCriticalSystemObject>false</isCriticalSystemObject><description>Testing Service Designs</description><detailedDescription>Micro designs associated with Testing Lifecycle stage for Codar</detailedDescription><iconUrl>/csa/images/library/organizationDefault58.png</iconUrl><name>Testing_Micro_Service_1864f994-1141-49b5-b267-8aeabfc4ba36</name><displayName>Testing</displayName><color>#fbd75b</color><artifactType><id>824b4cd4011646dea116c090dc391247</id><createdOn>2016-01-04T00:20:47.942-08:00</createdOn><isCriticalSystemObject>true</isCriticalSystemObject><description>Lifecycle Artifact Container</description><iconUrl>/csa/images/categories/artifact_type/lifecycle_artifact_container.png</iconUrl><name>LIFECYCLE_ARTIFACT_CONTAINER</name><displayName>Lifecycle Artifact Container</displayName><disabled>false</disabled><categoryType><id>90d96588360da0c701360da0eeb40017</id><createdOn>2016-01-04T00:20:47.833-08:00</createdOn><isCriticalSystemObject>true</isCriticalSystemObject><description>Artifact Type</description><name>ARTIFACT_TYPE</name><displayName>Artifact Type</displayName><extensible>false</extensible></categoryType></artifactType><versionNumber>1</versionNumber></tag><tag><id>90cefe95520bc74a015221e22adb378b</id><createdOn>2016-01-08T07:36:56.283-08:00</createdOn><updatedOn>2016-02-03T14:32:01.176-08:00</updatedOn><isCriticalSystemObject>false</isCriticalSystemObject><description>Performance Testing Service Designs</description><iconUrl>/csa/api/blobstore/Accountability_RGB_blue_NT.png?tag=library</iconUrl><name>PERFORMANCE_TESTING</name><displayName>Performance Testing</displayName><color>#46d6db</color><artifactType><id>824b4cd4011646dea116c090dc391247</id><createdOn>2016-01-04T00:20:47.942-08:00</createdOn><isCriticalSystemObject>true</isCriticalSystemObject><description>Lifecycle Artifact Container</description><iconUrl>/csa/images/categories/artifact_type/lifecycle_artifact_container.png</iconUrl><name>LIFECYCLE_ARTIFACT_CONTAINER</name><displayName>Lifecycle Artifact Container</displayName><disabled>false</disabled><categoryType><id>90d96588360da0c701360da0eeb40017</id><createdOn>2016-01-04T00:20:47.833-08:00</createdOn><isCriticalSystemObject>true</isCriticalSystemObject><description>Artifact Type</description><name>ARTIFACT_TYPE</name><displayName>Artifact Type</displayName><extensible>false</extensible></categoryType></artifactType><versionNumber>1</versionNumber></tag><validUpgrade>false</validUpgrade><componentRoot><id>90cefe95520bc74a01521b358dfe17a9</id><objectId>90cefe95520bc74a01521b358dfe17a9</objectId><createdOn>2016-01-07T00:30:40.638-08:00</createdOn><updatedOn>2016-02-18T01:36:54.914-08:00</updatedOn><createdBy><id>90d96588360da0c701360da0f1d600a1</id><objectId>90d96588360da0c701360da0f1d600a1</objectId><isCriticalSystemObject>true</isCriticalSystemObject><description>admin</description><iconUrl>http://localhost/admin</iconUrl><name>admin</name><displayName>admin</displayName><disabled>false</disabled><validUpgrade>false</validUpgrade></createdBy><updatedBy><id>90d96588360da0c701360da0f1d600a1</id><objectId>90d96588360da0c701360da0f1d600a1</objectId><isCriticalSystemObject>true</isCriticalSystemObject><description>admin</description><iconUrl>http://localhost/admin</iconUrl><name>admin</name><displayName>admin</displayName><disabled>false</disabled><validUpgrade>false</validUpgrade></updatedBy><isCriticalSystemObject>false</isCriticalSystemObject><description>The root component of a service design and represents all the service components HPE CSA needs to realize the infrastructure and applications required for the service.</description><detailedDescription>Service Composite</detailedDescription><iconUrl>/csa/images/categories/component_type/service_composite.png</iconUrl><name>SERVICE_COMPOSITE__Thu Jan 07 00:30:40 PST 2016</name><displayName>Service Composite</displayName><property><id>90cefe95520bc74a01521b358e9617ae</id><objectId>90cefe95520bc74a01521b358e9617ae</objectId><createdOn>2016-01-07T00:30:40.790-08:00</createdOn><updatedOn>2016-02-18T01:36:54.914-08:00</updatedOn><createdBy><id>90cefe95520bc74a0152106cb20b03e0</id><objectId>90cefe95520bc74a0152106cb20b03e0</objectId><isCriticalSystemObject>false</isCriticalSystemObject><name>Linda</name><disabled>false</disabled><validUpgrade>false</validUpgrade></createdBy><updatedBy><id>90d96588360da0c701360da0f1d600a1</id><objectId>90d96588360da0c701360da0f1d600a1</objectId><isCriticalSystemObject>true</isCriticalSystemObject><description>admin</description><iconUrl>http://localhost/admin</iconUrl><name>admin</name><displayName>admin</displayName><disabled>false</disabled><validUpgrade>false</validUpgrade></updatedBy><isCriticalSystemObject>false</isCriticalSystemObject><name>topologyId</name><valueType><id>90d96588360da0c701360da0efb50054</id><objectId>90d96588360da0c701360da0efb50054</objectId><createdOn>2016-01-04T00:20:47.942-08:00</createdOn><isCriticalSystemObject>true</isCriticalSystemObject><description>String</description><iconUrl>/csa/images/categories/value_type/string.png</iconUrl><name>STRING</name><displayName>String</displayName><disabled>false</disabled><categoryType><id>90d96588360da0c701360da0efa0004e</id><objectId>90d96588360da0c701360da0efa0004e</objectId><isCriticalSystemObject>true</isCriticalSystemObject><description>Value Type</description><name>VALUE_TYPE</name><displayName>Value Type</displayName><extensible>false</extensible></categoryType></valueType><values><id>90cefe95520bc74a01521b358e9517ab</id><createdOn>2016-01-07T00:30:40.789-08:00</createdOn><updatedOn>2016-02-18T01:36:54.914-08:00</updatedOn><createdBy><id>90cefe95520bc74a0152106cb20b03e0</id><objectId>90cefe95520bc74a0152106cb20b03e0</objectId><isCriticalSystemObject>false</isCriticalSystemObject><name>Linda</name><disabled>false</disabled><validUpgrade>false</validUpgrade></createdBy><updatedBy><id>90d96588360da0c701360da0f1d600a1</id><objectId>90d96588360da0c701360da0f1d600a1</objectId><isCriticalSystemObject>true</isCriticalSystemObject><description>admin</description><iconUrl>http://localhost/admin</iconUrl><name>admin</name><displayName>admin</displayName><disabled>false</disabled><validUpgrade>false</validUpgrade></updatedBy><value>5438ae3d-6cc8-4bb4-9876-ea226b49d657</value><orderIndex>-1</orderIndex></values><maxOccurs>1</maxOccurs><minOccurs>0</minOccurs><orderIndex>-1</orderIndex><confidential>false</confidential><encrypted>false</encrypted><consumerReadOnly>false</consumerReadOnly><consumerVisible>false</consumerVisible><measurable>false</measurable><multiplied>false</multiplied><upgradeLocked>false</upgradeLocked></property><property><id>90cefe95520bc74a01521b358e9517ac</id><objectId>90cefe95520bc74a01521b358e9517ac</objectId><createdOn>2016-01-07T00:30:40.789-08:00</createdOn><updatedOn>2016-02-18T01:36:54.914-08:00</updatedOn><createdBy><id>90cefe95520bc74a0152106cb20b03e0</id><objectId>90cefe95520bc74a0152106cb20b03e0</objectId><isCriticalSystemObject>false</isCriticalSystemObject><name>Linda</name><disabled>false</disabled><validUpgrade>false</validUpgrade></createdBy><updatedBy><id>90d96588360da0c701360da0f1d600a1</id><objectId>90d96588360da0c701360da0f1d600a1</objectId><isCriticalSystemObject>true</isCriticalSystemObject><description>admin</description><iconUrl>http://localhost/admin</iconUrl><name>admin</name><displayName>admin</displayName><disabled>false</disabled><validUpgrade>false</validUpgrade></updatedBy><isCriticalSystemObject>false</isCriticalSystemObject><name>published</name><valueType><id>90d96588360da0c701360da0efa5004f</id><objectId>90d96588360da0c701360da0efa5004f</objectId><createdOn>2016-01-04T00:20:47.942-08:00</createdOn><isCriticalSystemObject>true</isCriticalSystemObject><description>Boolean</description><iconUrl>/csa/images/categories/value_type/boolean.png</iconUrl><name>BOOLEAN</name><displayName>Boolean</displayName><disabled>false</disabled><categoryType><id>90d96588360da0c701360da0efa0004e</id><objectId>90d96588360da0c701360da0efa0004e</objectId><isCriticalSystemObject>true</isCriticalSystemObject><description>Value Type</description><name>VALUE_TYPE</name><displayName>Value Type</displayName><extensible>false</extensible></categoryType></valueType><values><id>90cefe95520bc74a01521b358e9617b0</id><createdOn>2016-01-07T00:30:40.790-08:00</createdOn><updatedOn>2016-02-18T01:36:54.914-08:00</updatedOn><createdBy><id>90cefe95520bc74a0152106cb20b03e0</id><objectId>90cefe95520bc74a0152106cb20b03e0</objectId><isCriticalSystemObject>false</isCriticalSystemObject><name>Linda</name><disabled>false</disabled><validUpgrade>false</validUpgrade></createdBy><updatedBy><id>90d96588360da0c701360da0f1d600a1</id><objectId>90d96588360da0c701360da0f1d600a1</objectId><isCriticalSystemObject>true</isCriticalSystemObject><description>admin</description><iconUrl>http://localhost/admin</iconUrl><name>admin</name><displayName>admin</displayName><disabled>false</disabled><validUpgrade>false</validUpgrade></updatedBy><value>false</value><orderIndex>-1</orderIndex></values><maxOccurs>1</maxOccurs><minOccurs>0</minOccurs><orderIndex>-1</orderIndex><confidential>false</confidential><encrypted>false</encrypted><consumerReadOnly>false</consumerReadOnly><consumerVisible>false</consumerVisible><measurable>false</measurable><multiplied>false</multiplied><upgradeLocked>false</upgradeLocked></property><state><id>90d96588360da0c701360da0ef470038</id><objectId>90d96588360da0c701360da0ef470038</objectId><createdOn>2016-01-04T00:20:47.942-08:00</createdOn><isCriticalSystemObject>true</isCriticalSystemObject><description>Active</description><iconUrl>/csa/images/categories/artifact_state/active.png</iconUrl><name>ACTIVE</name><displayName>Active</displayName><disabled>false</disabled><categoryType><id>90d96588360da0c701360da0ef420037</id><objectId>90d96588360da0c701360da0ef420037</objectId><isCriticalSystemObject>true</isCriticalSystemObject><description>Artifact State</description><name>ARTIFACT_STATE</name><displayName>Artifact State</displayName><extensible>false</extensible></categoryType></state><artifactType><id>90d96588360da0c701360da0eec8001a</id><objectId>90d96588360da0c701360da0eec8001a</objectId><createdOn>2016-01-04T00:20:47.942-08:00</createdOn><isCriticalSystemObject>true</isCriticalSystemObject><description>Service Component</description><iconUrl>/csa/images/categories/artifact_type/service_component.png</iconUrl><name>SERVICE_COMPONENT</name><displayName>Service Component</displayName><disabled>false</disabled><categoryType><id>90d96588360da0c701360da0eeb40017</id><objectId>90d96588360da0c701360da0eeb40017</objectId><isCriticalSystemObject>true</isCriticalSystemObject><description>Artifact Type</description><name>ARTIFACT_TYPE</name><displayName>Artifact Type</displayName><extensible>false</extensible></categoryType></artifactType><ownedBy><id>90d96588360da0c701360da0f15b009e</id><objectId>90d96588360da0c701360da0f15b009e</objectId><isCriticalSystemObject>true</isCriticalSystemObject><description>Provider Organization</description><name>CSA-Provider</name><displayName>Provider</displayName><disabled>false</disabled><validUpgrade>false</validUpgrade></ownedBy><disabled>false</disabled><isOutOfSync>false</isOutOfSync><derivedFrom xmlns:xsi="http://www.w3.org/2001/XMLSchema-instance" xsi:type="serviceComponentVO"><id>90d96588360da0c701360da0f20d00ad</id><objectId>90d96588360da0c701360da0f20d00ad</objectId><isCriticalSystemObject>true</isCriticalSystemObject><description>The root component of a service design and represents all the service components HPE CSA needs to realize the infrastructure and applications required for the service.</description><iconUrl>/csa/images/categories/component_type/service_composite.png</iconUrl><name>SERVICE_COMPOSITE</name><displayName>Service Composite</displayName><disabled>false</disabled><validUpgrade>false</validUpgrade><pattern>false</pattern><licensable>false</licensable><createdFromPattern>false</createdFromPattern><toFinalize>false</toFinalize><consumerVisible>true</consumerVisible><upgradeLocked>false</upgradeLocked></derivedFrom><validUpgrade>false</validUpgrade><lifecycleProperties><id>90cefe95520bc74a01521b358dfe17a8</id><createdOn>2016-01-07T00:30:40.638-08:00</createdOn><updatedOn>2016-02-18T01:36:54.914-08:00</updatedOn><createdBy><id>90d96588360da0c701360da0f1d600a1</id><objectId>90d96588360da0c701360da0f1d600a1</objectId><isCriticalSystemObject>true</isCriticalSystemObject><description>admin</description><iconUrl>http://localhost/admin</iconUrl><name>admin</name><displayName>admin</displayName><disabled>false</disabled><validUpgrade>false</validUpgrade></createdBy><updatedBy><id>90d96588360da0c701360da0f1d600a1</id><objectId>90d96588360da0c701360da0f1d600a1</objectId><isCriticalSystemObject>true</isCriticalSystemObject><description>admin</description><iconUrl>http://localhost/admin</iconUrl><name>admin</name><displayName>admin</displayName><disabled>false</disabled><validUpgrade>false</validUpgrade></updatedBy><lifecycleComponentOrder>1</lifecycleComponentOrder><lifecycleState><id>90d96588360da0c701360da0f22000b2</id><objectId>90d96588360da0c701360da0f22000b2</objectId><createdOn>2016-01-04T00:20:47.942-08:00</createdOn><isCriticalSystemObject>true</isCriticalSystemObject><description>Described</description><iconUrl>/csa/images/categories/lifecycle_state/described.png</iconUrl><name>DESCRIBED</name><displayName>Described</displayName><disabled>false</disabled><categoryType><id>90d96588360da0c701360da0f21300ae</id><objectId>90d96588360da0c701360da0f21300ae</objectId><isCriticalSystemObject>true</isCriticalSystemObject><description>Lifecycle State</description><name>LIFECYCLE_STATE</name><displayName>Lifecycle State</displayName><extensible>false</extensible></categoryType></lifecycleState><lifecycleSubstate><id>90d96588360da0c701360da0f24200bd</id><objectId>90d96588360da0c701360da0f24200bd</objectId><createdOn>2016-01-04T00:20:47.942-08:00</createdOn><isCriticalSystemObject>true</isCriticalSystemObject><description>Pre Transition</description><iconUrl>/csa/images/categories/lifecycle_substate/pre_transition.png</iconUrl><name>PRE_TRANSITION</name><displayName>Pre Transition</displayName><disabled>false</disabled><categoryType><id>90d96588360da0c701360da0f23e00bc</id><objectId>90d96588360da0c701360da0f23e00bc</objectId><isCriticalSystemObject>true</isCriticalSystemObject><description>Lifecycle Substate</description><name>LIFECYCLE_SUBSTATE</name><displayName>Lifecycle Substate</displayName><extensible>false</extensible></categoryType></lifecycleSubstate><paused>false</paused></lifecycleProperties><componentType><id>90d96588360da0c701360da0f20d00ad</id><objectId>90d96588360da0c701360da0f20d00ad</objectId><createdOn>2016-01-04T00:20:47.942-08:00</createdOn><isCriticalSystemObject>true</isCriticalSystemObject><description>The root component of a service design and represents all the service components HPE CSA needs to realize the infrastructure and applications required for the service.</description><detailedDescription>Service Composite</detailedDescription><iconUrl>/csa/images/categories/component_type/service_composite.png</iconUrl><name>SERVICE_COMPOSITE</name><displayName>Service Composite</displayName><disabled>false</disabled><categoryType><id>90d96588360da0c701360da0f1fa00a7</id><objectId>90d96588360da0c701360da0f1fa00a7</objectId><isCriticalSystemObject>true</isCriticalSystemObject><description>Component Type</description><name>COMPONENT_TYPE</name><displayName>Component Type</displayName><extensible>true</extensible></categoryType></componentType><pattern>false</pattern><licensable>false</licensable><createdFromPattern>false</createdFromPattern><toFinalize>false</toFinalize><consumerVisible>true</consumerVisible><x>0</x><y>0</y><upgradeLocked>false</upgradeLocked></componentRoot><sourceType><id>BD0BC4E6C79FDEB2E04059106D1A5B6A</id><objectId>BD0BC4E6C79FDEB2E04059106D1A5B6A</objectId><createdOn>2016-01-04T00:20:47.942-08:00</createdOn><isCriticalSystemObject>true</isCriticalSystemObject><description>This design was created and is managed by HPE CSA.</description><iconUrl>/csa/images/categories/sourcetype/internal.png</iconUrl><name>INTERNAL</name><displayName>HPE CSA</displayName><disabled>false</disabled><categoryType><id>BD0BC4E6C79BDEB2E04059106D1A5B4E</id><objectId>BD0BC4E6C79BDEB2E04059106D1A5B4E</objectId><isCriticalSystemObject>false</isCriticalSystemObject><description>Source Type</description><name>SOURCE_TYPE</name><displayName>Source Type</displayName><extensible>true</extensible></categoryType></sourceType><serviceDesignerExperienceType><id>90cec76e3fd3cff2013fd3d066f306bf</id><objectId>90cec76e3fd3cff2013fd3d066f306bf</objectId><createdOn>2016-01-04T00:20:47.942-08:00</createdOn><isCriticalSystemObject>true</isCriticalSystemObject><description>Topology based designer experience</description><iconUrl></iconUrl><name>TOPOLOGY_BASED</name><displayName>Topology Based</displayName><disabled>false</disabled><categoryType><id>90cec76e3fd3ce38013fd3cea5bf081a</id><objectId>90cec76e3fd3ce38013fd3cea5bf081a</objectId><isCriticalSystemObject>true</isCriticalSystemObject><description>Service Designer Experience Type</description><name>SERVICE_DESIGNER_EXPER_TYPE</name><displayName>Service Designer Experience Type</displayName><extensible>true</extensible></categoryType></serviceDesignerExperienceType><containerId>90cefe95520bc74a01521b358aed17a7</containerId><version>1.0.0</version><valid>false</valid><published>false</published><graph>false</graph></ServiceBlueprint>