<?xml version="1.0" encoding="UTF-8" standalone="yes"?><Tag><id>90cefe95520bc74a01521b9317981821</id><createdOn>2016-01-07T02:12:50.713-08:00</createdOn><updatedOn>2016-01-07T02:12:50.713-08:00</updatedOn><isCriticalSystemObject>false</isCriticalSystemObject><iconUrl>/csa/images/library/other.png</iconUrl><name>PetClinic_16d4c123-0310-4a45-aac0-a391c8921e3f</name><displayName>PetClinic</displayName><color>#ffffff</color><artifactType><id>90d96588360da0c701360da0eec8001a</id><createdOn>2016-01-04T00:20:47.942-08:00</createdOn><isCriticalSystemObject>true</isCriticalSystemObject><description>Service Component</description><iconUrl>/csa/images/categories/artifact_type/service_component.png</iconUrl><name>SERVICE_COMPONENT</name><displayName>Service Component</displayName><disabled>false</disabled><categoryType><id>90d96588360da0c701360da0eeb40017</id><createdOn>2016-01-04T00:20:47.833-08:00</createdOn><isCriticalSystemObject>true</isCriticalSystemObject><description>Artifact Type</description><name>ARTIFACT_TYPE</name><displayName>Artifact Type</displayName><extensible>false</extensible></categoryType></artifactType><versionNumber>1</versionNumber></Tag>