<Topology _type="Topology">
  <id>5438ae3d-6cc8-4bb4-9876-ea226b49d657</id>
  <groupId>com.hp.csa</groupId>
  <artifactId>90cefe95520bc74a01521b358aed17a7</artifactId>
  <version>1.0.0</version>
  <resources>
    <id>63138202-5fa8-61a1-9c56-3746b1cc272a</id>
    <name>Tomcat Pre-baked Existing Server</name>
    <componentType>
      <groupId>com.hp.csa.type</groupId>
      <artifactId>TomcatPre-bakedExistingServer_4fc1ca8125aa474f8dc16ebf11c4abaa</artifactId>
      <version>1</version>
    </componentType>
    <properties>
      <PASSWORD>
        <value>ENC(XfwaRAvSqG3JSi0jO/P48gpm4jWXba6T)</value>
        <type>string_encrypted</type>
      </PASSWORD>
      <_enable_modify_during_lifecycle_properties>
        <value></value>
        <type>string</type>
      </_enable_modify_during_lifecycle_properties>
      <response>
        <value/>
        <type>string</type>
      </response>
      <_modifiable_properties>
        <value></value>
        <type>string</type>
      </_modifiable_properties>
      <HOST-FQDN>
        <value>16.78.123.132</value>
        <type>string</type>
      </HOST-FQDN>
      <IPADDRESS>
        <value>16.78.123.132</value>
        <type>string</type>
      </IPADDRESS>
      <USERNAME>
        <value>root</value>
        <type>string</type>
      </USERNAME>
      <INSTANCE-ID>
        <value/>
        <type>string</type>
      </INSTANCE-ID>
      <SSHPORT>
        <value/>
        <type>string</type>
      </SSHPORT>
      <PRIVATEKEY>
        <value/>
        <type>string</type>
      </PRIVATEKEY>
      <TIMEOUT>
        <value>90000</value>
        <type>string</type>
      </TIMEOUT>
      <Result>
        <value/>
        <type>string</type>
      </Result>
    </properties>
    <tags>
      <uniqueName>
        <value>TomcatPre-bakedE0001</value>
      </uniqueName>
      <displayName>
        <value>63138202-5fa8-61a1-9c56-3746b1cc272a</value>
      </displayName>
      <x>
        <value>546</value>
      </x>
      <description>
        <value>Tocmat Prebaked Existing Server Component</value>
      </description>
      <y>
        <value>122</value>
      </y>
    </tags>
  </resources>
  <displayName>Tomcat Prebaked Server</displayName>
  <revision>12</revision>
  <iconUrl>/csa/images/library/tomcat.png</iconUrl>
  <tags>
    <serviceBlueprintId>
      <value>90cefe95520bc74a01521b358e9617ad</value>
    </serviceBlueprintId>
    <providerType>
      <value>independent</value>
    </providerType>
  </tags>
  <createdOn>1452155440550</createdOn>
  <updatedOn>1455788215175</updatedOn>
  <state>UNLOCKED</state>
  <hidden>false</hidden>
  <bound>false</bound>
  <partial>false</partial>
</Topology>