{
  "@type" : "ComponentTemplate",
  "id" : "7637c602-10af-48cd-9329-7378fecbf5a4",
  "artifactId" : "New_PetDB_855ff95b_fde7_432e_b4dd_b7f7e8c2ba67_e6b6ca0914a34eec93438670d70e55e4",
  "groupId" : "com.hp.csa.template",
  "version" : "1",
  "displayName" : "PetClinic DB Conf",
  "description" : "Creates Pet Clinic Database on the database server",
  "implementedTypes" : [ {
    "componentId" : {
      "artifactId" : "New_PetDB_855ff95b_fde7_432e_b4dd_b7f7e8c2ba67_e6b6ca0914a34eec93438670d70e55e4",
      "groupId" : "com.hp.csa.type",
      "version" : "1"
    },
    "constraints" : { }
  } ],
  "actions" : [ {
    "actionDescriptor" : {
      "name" : "deploy",
      "displayName" : "Deploy PetclinicDB",
      "inputParameters" : [ {
        "name" : "artifactpassword",
        "displayName" : "artifactpassword",
        "required" : false,
        "confidential" : true,
        "displayNames" : {
          "en-US" : {
            "value" : "artifactpassword"
          }
        },
        "descriptions" : { },
        "type" : "string"
      }, {
        "name" : "artifactusername",
        "displayName" : "artifactusername",
        "required" : false,
        "confidential" : false,
        "displayNames" : {
          "en-US" : {
            "value" : "artifactusername"
          }
        },
        "descriptions" : { },
        "type" : "string"
      }, {
        "name" : "configurationurl",
        "displayName" : "configurationurl",
        "required" : true,
        "confidential" : false,
        "displayNames" : {
          "en-US" : {
            "value" : "configurationurl"
          }
        },
        "descriptions" : { },
        "type" : "string"
      }, {
        "name" : "hostname",
        "displayName" : "hostname",
        "required" : true,
        "confidential" : false,
        "displayNames" : {
          "en-US" : {
            "value" : "hostname"
          }
        },
        "descriptions" : { },
        "type" : "string"
      }, {
        "name" : "mysqlpassword",
        "displayName" : "mysqlpassword",
        "required" : true,
        "confidential" : true,
        "displayNames" : {
          "en-US" : {
            "value" : "mysqlpassword"
          }
        },
        "descriptions" : { },
        "type" : "string"
      }, {
        "name" : "mysqlusername",
        "displayName" : "mysqlusername",
        "required" : true,
        "confidential" : false,
        "displayNames" : {
          "en-US" : {
            "value" : "mysqlusername"
          }
        },
        "descriptions" : { },
        "type" : "string"
      }, {
        "name" : "password",
        "displayName" : "password",
        "required" : true,
        "confidential" : true,
        "displayNames" : {
          "en-US" : {
            "value" : "password"
          }
        },
        "descriptions" : { },
        "type" : "string"
      }, {
        "name" : "port",
        "displayName" : "port",
        "required" : true,
        "confidential" : false,
        "displayNames" : {
          "en-US" : {
            "value" : "port"
          }
        },
        "descriptions" : { },
        "type" : "string"
      }, {
        "name" : "privatekeyPath",
        "displayName" : "privatekeyPath",
        "required" : false,
        "confidential" : false,
        "displayNames" : {
          "en-US" : {
            "value" : "privatekeyPath"
          }
        },
        "descriptions" : { },
        "type" : "string"
      }, {
        "name" : "remotefilepath",
        "displayName" : "remotefilepath",
        "required" : true,
        "confidential" : false,
        "displayNames" : {
          "en-US" : {
            "value" : "remotefilepath"
          }
        },
        "descriptions" : { },
        "type" : "string"
      }, {
        "name" : "servicecommand",
        "displayName" : "servicecommand",
        "required" : true,
        "confidential" : false,
        "displayNames" : {
          "en-US" : {
            "value" : "servicecommand"
          }
        },
        "descriptions" : { },
        "type" : "string"
      }, {
        "name" : "username",
        "displayName" : "username",
        "required" : true,
        "confidential" : false,
        "displayNames" : {
          "en-US" : {
            "value" : "username"
          }
        },
        "descriptions" : { },
        "type" : "string"
      } ],
      "outputParameters" : [ {
        "name" : "response",
        "displayName" : "response",
        "required" : false,
        "confidential" : false,
        "displayNames" : {
          "en-US" : {
            "value" : "response"
          }
        },
        "descriptions" : { },
        "type" : "string"
      }, {
        "name" : "hostname",
        "displayName" : "hostname",
        "required" : false,
        "confidential" : false,
        "displayNames" : {
          "en-US" : {
            "value" : "hostname"
          }
        },
        "descriptions" : { },
        "type" : "string"
      }, {
        "name" : "username",
        "displayName" : "username",
        "description" : "",
        "required" : false,
        "confidential" : false,
        "displayNames" : {
          "en-US" : {
            "value" : "username"
          }
        },
        "descriptions" : {
          "en-US" : {
            "value" : ""
          }
        },
        "type" : "string"
      }, {
        "name" : "password",
        "displayName" : "password",
        "required" : false,
        "confidential" : false,
        "displayNames" : {
          "en-US" : {
            "value" : "password"
          }
        },
        "descriptions" : { },
        "type" : "string"
      } ],
      "lifecycleAction" : "Deploy",
      "final" : false,
      "visible" : false,
      "displayNames" : {
        "en-US" : {
          "value" : "Deploy PetclinicDB"
        }
      },
      "descriptions" : { }
    },
    "processEngineDescriptors" : [ {
      "processEngineId" : "HP_OO",
      "mapping" : {
        "input" : {
          "configurationurl" : "@PROPERTY:configurationurl",
          "artifactusername" : "@PROPERTY:artifactusername",
          "hostname" : "@PROPERTY:configuresDb_New_PetDB_855ff95b_fde7_432e_b4dd_b7f7e8c2ba67_e6b6ca0914a34eec93438670d70e55e4.hostname",
          "password" : "@PROPERTY:configuresDb_New_PetDB_855ff95b_fde7_432e_b4dd_b7f7e8c2ba67_e6b6ca0914a34eec93438670d70e55e4.password",
          "artifactpassword" : "@PROPERTY:artifactpassword",
          "port" : "@PROPERTY:port",
          "mysqlusername" : "@PROPERTY:mysqlusername",
          "privatekeyPath" : "@PROPERTY:privatekeyPath",
          "remotefilepath" : "@PROPERTY:remotefilepath",
          "servicecommand" : "@PROPERTY:servicecommand",
          "mysqlpassword" : "@PROPERTY:mysqlpassword",
          "username" : "@PROPERTY:configuresDb_New_PetDB_855ff95b_fde7_432e_b4dd_b7f7e8c2ba67_e6b6ca0914a34eec93438670d70e55e4.username"
        },
        "output" : {
          "hostname" : "@PROPERTY:hostname",
          "password" : "@PROPERTY:password",
          "response" : "@PROPERTY:response",
          "username" : "@PROPERTY:username"
        }
      },
      "executableId" : "71f48c67-fd35-43ab-9ea2-78c614bf290b"
    } ]
  } ],
  "relations" : [ ],
  "properties" : [ ],
  "revision" : 4,
  "displayNames" : {
    "en-US" : {
      "value" : "PetClinic DB Conf"
    }
  },
  "descriptions" : {
    "en-US" : {
      "value" : "Creates Pet Clinic Database on the database server"
    }
  }
}