{
  "@type" : "ComponentTemplate",
  "id" : "02d359e6-136c-4454-889b-18882084b2a6",
  "artifactId" : "MySQL_Database_20509e36_558f_4502_ba03_f76f5d879afb_f21f3034d7ea4431981b737d81ce6299",
  "groupId" : "com.hp.csa.template",
  "version" : "1",
  "displayName" : "MySQL Database",
  "description" : "MySQL Database Server",
  "implementedTypes" : [ {
    "componentId" : {
      "artifactId" : "MySQL_Database_20509e36_558f_4502_ba03_f76f5d879afb_f21f3034d7ea4431981b737d81ce6299",
      "groupId" : "com.hp.csa.type",
      "version" : "1"
    },
    "constraints" : { }
  } ],
  "actions" : [ {
    "actionDescriptor" : {
      "name" : "deploy",
      "displayName" : "Deploy Database",
      "inputParameters" : [ {
        "name" : "artifactPassword",
        "displayName" : "artifactPassword",
        "required" : false,
        "confidential" : true,
        "displayNames" : {
          "en-US" : {
            "value" : "artifactPassword"
          }
        },
        "descriptions" : { },
        "type" : "string"
      }, {
        "name" : "artifactUrl",
        "displayName" : "artifactUrl",
        "required" : true,
        "confidential" : false,
        "displayNames" : {
          "en-US" : {
            "value" : "artifactUrl"
          }
        },
        "descriptions" : { },
        "type" : "string"
      }, {
        "name" : "artifactUsername",
        "displayName" : "artifactUsername",
        "required" : false,
        "confidential" : false,
        "displayNames" : {
          "en-US" : {
            "value" : "artifactUsername"
          }
        },
        "descriptions" : { },
        "type" : "string"
      }, {
        "name" : "configurationUrl",
        "displayName" : "configurationUrl",
        "required" : true,
        "confidential" : false,
        "displayNames" : {
          "en-US" : {
            "value" : "configurationUrl"
          }
        },
        "descriptions" : { },
        "type" : "string"
      }, {
        "name" : "hostname",
        "displayName" : "hostname",
        "required" : true,
        "confidential" : false,
        "displayNames" : {
          "en-US" : {
            "value" : "hostname"
          }
        },
        "descriptions" : { },
        "type" : "string"
      }, {
        "name" : "installPath",
        "displayName" : "installPath",
        "required" : false,
        "confidential" : false,
        "displayNames" : {
          "en-US" : {
            "value" : "installPath"
          }
        },
        "descriptions" : { },
        "type" : "string"
      }, {
        "name" : "password",
        "displayName" : "password",
        "required" : false,
        "confidential" : true,
        "displayNames" : {
          "en-US" : {
            "value" : "password"
          }
        },
        "descriptions" : { },
        "type" : "string"
      }, {
        "name" : "privatekeyPath",
        "displayName" : "privatekeyPath",
        "required" : false,
        "confidential" : false,
        "displayNames" : {
          "en-US" : {
            "value" : "privatekeyPath"
          }
        },
        "descriptions" : { },
        "type" : "string"
      }, {
        "name" : "remoteFilePath",
        "displayName" : "remoteFilePath",
        "required" : true,
        "confidential" : false,
        "displayNames" : {
          "en-US" : {
            "value" : "remoteFilePath"
          }
        },
        "descriptions" : { },
        "type" : "string"
      }, {
        "name" : "serviceCommand",
        "displayName" : "serviceCommand",
        "required" : true,
        "confidential" : false,
        "displayNames" : {
          "en-US" : {
            "value" : "serviceCommand"
          }
        },
        "descriptions" : { },
        "type" : "string"
      }, {
        "name" : "sshPort",
        "displayName" : "sshPort",
        "required" : true,
        "confidential" : false,
        "displayNames" : {
          "en-US" : {
            "value" : "sshPort"
          }
        },
        "descriptions" : { },
        "type" : "string"
      }, {
        "name" : "username",
        "displayName" : "username",
        "required" : true,
        "confidential" : false,
        "displayNames" : {
          "en-US" : {
            "value" : "username"
          }
        },
        "descriptions" : { },
        "type" : "string"
      } ],
      "outputParameters" : [ {
        "name" : "hostname",
        "displayName" : "hostname",
        "required" : false,
        "confidential" : false,
        "displayNames" : {
          "en-US" : {
            "value" : "hostname"
          }
        },
        "descriptions" : { },
        "type" : "string"
      }, {
        "name" : "password",
        "displayName" : "password",
        "required" : false,
        "confidential" : false,
        "displayNames" : {
          "en-US" : {
            "value" : "password"
          }
        },
        "descriptions" : { },
        "type" : "string"
      }, {
        "name" : "port",
        "displayName" : "port",
        "required" : false,
        "confidential" : false,
        "displayNames" : {
          "en-US" : {
            "value" : "port"
          }
        },
        "descriptions" : { },
        "type" : "string"
      }, {
        "name" : "response",
        "displayName" : "response",
        "required" : false,
        "confidential" : false,
        "displayNames" : {
          "en-US" : {
            "value" : "response"
          }
        },
        "descriptions" : { },
        "type" : "string"
      }, {
        "name" : "Result",
        "displayName" : "Result",
        "required" : false,
        "confidential" : false,
        "displayNames" : {
          "en-US" : {
            "value" : "Result"
          }
        },
        "descriptions" : { },
        "type" : "string"
      }, {
        "name" : "type",
        "displayName" : "type",
        "required" : false,
        "confidential" : false,
        "displayNames" : {
          "en-US" : {
            "value" : "type"
          }
        },
        "descriptions" : { },
        "type" : "string"
      }, {
        "name" : "username",
        "displayName" : "username",
        "required" : false,
        "confidential" : false,
        "displayNames" : {
          "en-US" : {
            "value" : "username"
          }
        },
        "descriptions" : { },
        "type" : "string"
      } ],
      "lifecycleAction" : "Deploy",
      "final" : false,
      "visible" : false,
      "displayNames" : {
        "en-US" : {
          "value" : "Deploy Database"
        }
      },
      "descriptions" : { }
    },
    "processEngineDescriptors" : [ {
      "processEngineId" : "HP_OO",
      "mapping" : {
        "input" : {
          "configurationUrl" : "@PROPERTY:configurationUrl",
          "sshPort" : "@PROPERTY:sshPort",
          "installPath" : "@PROPERTY:installPath",
          "hostname" : "@PROPERTY:installsOn_MySQL_Database_20509e36_558f_4502_ba03_f76f5d879afb_f21f3034d7ea4431981b737d81ce6299.ipAddress",
          "password" : "@PROPERTY:installsOn_MySQL_Database_20509e36_558f_4502_ba03_f76f5d879afb_f21f3034d7ea4431981b737d81ce6299.password",
          "serviceCommand" : "@PROPERTY:serviceCommand",
          "artifactPassword" : "@PROPERTY:artifactPassword",
          "artifactUrl" : "@PROPERTY:artifactUrl",
          "privatekeyPath" : "@PROPERTY:privatekeyPath",
          "artifactUsername" : "@PROPERTY:artifactUsername",
          "remoteFilePath" : "@PROPERTY:remoteFilePath",
          "username" : "@PROPERTY:installsOn_MySQL_Database_20509e36_558f_4502_ba03_f76f5d879afb_f21f3034d7ea4431981b737d81ce6299.username"
        },
        "output" : {
          "hostname" : "@PROPERTY:hostname",
          "password" : "@PROPERTY:password",
          "port" : "@PROPERTY:port",
          "response" : "@PROPERTY:response",
          "type" : "@PROPERTY:type",
          "Result" : "@PROPERTY:Result",
          "username" : "@PROPERTY:username"
        }
      },
      "executableId" : "aeac3088-c01f-4f42-8961-aa4fbb5916a1"
    } ]
  } ],
  "relations" : [ ],
  "properties" : [ ],
  "revision" : 0,
  "displayNames" : {
    "en-US" : {
      "value" : "MySQL Database"
    }
  },
  "descriptions" : {
    "en-US" : {
      "value" : "MySQL Database Server"
    }
  }
}