{
  "@type" : "ComponentType",
  "id" : "09fd29fb-b52f-4469-a66b-6a325dd13e02",
  "groupId" : "com.hp.csa.type",
  "artifactId" : "VcenterServerType",
  "version" : "15.07.0000",
  "abstract" : false,
  "capability" : false,
  "description" : "vCenter Server",
  "actions" : [ {
    "name" : "Flex_CPU",
    "displayName" : "Flex CPU",
    "description" : "Flex CPU",
    "inputParameters" : [ {
      "name" : "vCenterHost",
      "displayName" : "vCenterHost",
      "description" : "vCenterHost",
      "required" : true,
      "confidential" : false,
      "displayNames" : {
        "en-US" : {
          "value" : "vCenterHost"
        }
      },
      "descriptions" : {
        "en-US" : {
          "value" : "vCenterHost"
        }
      },
      "type" : "string"
    }, {
      "name" : "vCenterPort",
      "displayName" : "vCenterPort",
      "description" : "vCenterPort",
      "required" : true,
      "confidential" : false,
      "displayNames" : {
        "en-US" : {
          "value" : "vCenterPort"
        }
      },
      "descriptions" : {
        "en-US" : {
          "value" : "vCenterPort"
        }
      },
      "type" : "string"
    }, {
      "name" : "vCenterProtocol",
      "displayName" : "vCenterProtocol",
      "description" : "vCenterProtocol",
      "required" : true,
      "confidential" : false,
      "displayNames" : {
        "en-US" : {
          "value" : "vCenterProtocol"
        }
      },
      "descriptions" : {
        "en-US" : {
          "value" : "vCenterProtocol"
        }
      },
      "type" : "string"
    }, {
      "name" : "vCenterUsername",
      "displayName" : "vCenterUsername",
      "description" : "vCenterUsername",
      "required" : true,
      "confidential" : false,
      "displayNames" : {
        "en-US" : {
          "value" : "vCenterUsername"
        }
      },
      "descriptions" : {
        "en-US" : {
          "value" : "vCenterUsername"
        }
      },
      "type" : "string"
    }, {
      "name" : "vCenterPassword",
      "displayName" : "vCenterPassword",
      "description" : "vCenterPassword",
      "required" : true,
      "confidential" : true,
      "displayNames" : {
        "en-US" : {
          "value" : "vCenterPassword"
        }
      },
      "descriptions" : {
        "en-US" : {
          "value" : "vCenterPassword"
        }
      },
      "type" : "string"
    }, {
      "name" : "datacenterName",
      "displayName" : "datacenterName",
      "description" : "datacenterName",
      "required" : true,
      "confidential" : false,
      "displayNames" : {
        "en-US" : {
          "value" : "datacenterName"
        }
      },
      "descriptions" : {
        "en-US" : {
          "value" : "datacenterName"
        }
      },
      "type" : "string"
    }, {
      "name" : "vmID",
      "displayName" : "vmID",
      "description" : "vmID",
      "required" : true,
      "confidential" : false,
      "displayNames" : {
        "en-US" : {
          "value" : "vmID"
        }
      },
      "descriptions" : {
        "en-US" : {
          "value" : "vmID"
        }
      },
      "type" : "string"
    }, {
      "name" : "requestedCpuCount",
      "displayName" : "requestedCpuCount",
      "description" : "requestedCpuCount",
      "required" : true,
      "confidential" : false,
      "displayNames" : {
        "en-US" : {
          "value" : "requestedCpuCount"
        }
      },
      "descriptions" : {
        "en-US" : {
          "value" : "requestedCpuCount"
        }
      },
      "type" : "string"
    } ],
    "outputParameters" : [ {
      "name" : "cpuCount",
      "displayName" : "cpuCount",
      "description" : "cpuCount",
      "required" : true,
      "confidential" : false,
      "displayNames" : {
        "en-US" : {
          "value" : "cpuCount"
        }
      },
      "descriptions" : {
        "en-US" : {
          "value" : "cpuCount"
        }
      },
      "type" : "string"
    }, {
      "name" : "vmState",
      "displayName" : "vmState",
      "description" : "vmState",
      "required" : true,
      "confidential" : false,
      "displayNames" : {
        "en-US" : {
          "value" : "vmState"
        }
      },
      "descriptions" : {
        "en-US" : {
          "value" : "vmState"
        }
      },
      "type" : "string"
    } ],
    "final" : false,
    "visible" : true,
    "displayNames" : {
      "en-US" : {
        "value" : "Flex CPU"
      }
    },
    "descriptions" : {
      "en-US" : {
        "value" : "Flex CPU"
      }
    }
  }, {
    "name" : "Flex_Memory",
    "displayName" : "Flex Memory",
    "description" : "Flex Memory",
    "inputParameters" : [ {
      "name" : "vCenterHost",
      "displayName" : "vCenterHost",
      "description" : "vCenterHost",
      "required" : true,
      "confidential" : false,
      "displayNames" : {
        "en-US" : {
          "value" : "vCenterHost"
        }
      },
      "descriptions" : {
        "en-US" : {
          "value" : "vCenterHost"
        }
      },
      "type" : "string"
    }, {
      "name" : "vCenterPort",
      "displayName" : "vCenterPort",
      "description" : "vCenterPort",
      "required" : true,
      "confidential" : false,
      "displayNames" : {
        "en-US" : {
          "value" : "vCenterPort"
        }
      },
      "descriptions" : {
        "en-US" : {
          "value" : "vCenterPort"
        }
      },
      "type" : "string"
    }, {
      "name" : "vCenterProtocol",
      "displayName" : "vCenterProtocol",
      "description" : "vCenterProtocol",
      "required" : true,
      "confidential" : false,
      "displayNames" : {
        "en-US" : {
          "value" : "vCenterProtocol"
        }
      },
      "descriptions" : {
        "en-US" : {
          "value" : "vCenterProtocol"
        }
      },
      "type" : "string"
    }, {
      "name" : "vCenterUsername",
      "displayName" : "vCenterUsername",
      "description" : "vCenterUsername",
      "required" : true,
      "confidential" : false,
      "displayNames" : {
        "en-US" : {
          "value" : "vCenterUsername"
        }
      },
      "descriptions" : {
        "en-US" : {
          "value" : "vCenterUsername"
        }
      },
      "type" : "string"
    }, {
      "name" : "vCenterPassword",
      "displayName" : "vCenterPassword",
      "description" : "vCenterPassword",
      "required" : true,
      "confidential" : true,
      "displayNames" : {
        "en-US" : {
          "value" : "vCenterPassword"
        }
      },
      "descriptions" : {
        "en-US" : {
          "value" : "vCenterPassword"
        }
      },
      "type" : "string"
    }, {
      "name" : "datacenterName",
      "displayName" : "datacenterName",
      "description" : "datacenterName",
      "required" : true,
      "confidential" : false,
      "displayNames" : {
        "en-US" : {
          "value" : "datacenterName"
        }
      },
      "descriptions" : {
        "en-US" : {
          "value" : "datacenterName"
        }
      },
      "type" : "string"
    }, {
      "name" : "vmID",
      "displayName" : "vmID",
      "description" : "vmID",
      "required" : true,
      "confidential" : false,
      "displayNames" : {
        "en-US" : {
          "value" : "vmID"
        }
      },
      "descriptions" : {
        "en-US" : {
          "value" : "vmID"
        }
      },
      "type" : "string"
    }, {
      "name" : "requestedMemorySize",
      "displayName" : "requestedMemorySize",
      "description" : "requestedMemorySize",
      "required" : true,
      "confidential" : false,
      "displayNames" : {
        "en-US" : {
          "value" : "requestedMemorySize"
        }
      },
      "descriptions" : {
        "en-US" : {
          "value" : "requestedMemorySize"
        }
      },
      "type" : "string"
    } ],
    "outputParameters" : [ {
      "name" : "memorySize",
      "displayName" : "memorySize",
      "description" : "memorySize",
      "required" : true,
      "confidential" : false,
      "displayNames" : {
        "en-US" : {
          "value" : "memorySize"
        }
      },
      "descriptions" : {
        "en-US" : {
          "value" : "memorySize"
        }
      },
      "type" : "string"
    }, {
      "name" : "result",
      "displayName" : "result",
      "description" : "result",
      "required" : true,
      "confidential" : false,
      "displayNames" : {
        "en-US" : {
          "value" : "result"
        }
      },
      "descriptions" : {
        "en-US" : {
          "value" : "result"
        }
      },
      "type" : "string"
    }, {
      "name" : "vmState",
      "displayName" : "vmState",
      "description" : "vmState",
      "required" : true,
      "confidential" : false,
      "displayNames" : {
        "en-US" : {
          "value" : "vmState"
        }
      },
      "descriptions" : {
        "en-US" : {
          "value" : "vmState"
        }
      },
      "type" : "string"
    } ],
    "final" : false,
    "visible" : true,
    "displayNames" : {
      "en-US" : {
        "value" : "Flex Memory"
      }
    },
    "descriptions" : {
      "en-US" : {
        "value" : "Flex Memory"
      }
    }
  }, {
    "name" : "Modify_Failure_Server",
    "displayName" : "Modify Failure Server",
    "description" : "Modify Failure Server",
    "inputParameters" : [ {
      "name" : "vCenterHost",
      "displayName" : "vCenterHost",
      "description" : "vCenterHost",
      "required" : true,
      "confidential" : false,
      "displayNames" : {
        "en-US" : {
          "value" : "vCenterHost"
        }
      },
      "descriptions" : {
        "en-US" : {
          "value" : "vCenterHost"
        }
      },
      "type" : "string"
    }, {
      "name" : "vCenterPort",
      "displayName" : "vCenterPort",
      "description" : "vCenterPort",
      "required" : true,
      "confidential" : false,
      "displayNames" : {
        "en-US" : {
          "value" : "vCenterPort"
        }
      },
      "descriptions" : {
        "en-US" : {
          "value" : "vCenterPort"
        }
      },
      "type" : "string"
    }, {
      "name" : "vCenterProtocol",
      "displayName" : "vCenterProtocol",
      "description" : "vCenterProtocol",
      "required" : true,
      "confidential" : false,
      "displayNames" : {
        "en-US" : {
          "value" : "vCenterProtocol"
        }
      },
      "descriptions" : {
        "en-US" : {
          "value" : "vCenterProtocol"
        }
      },
      "type" : "string"
    }, {
      "name" : "vCenterUsername",
      "displayName" : "vCenterUsername",
      "description" : "vCenterUsername",
      "required" : true,
      "confidential" : false,
      "displayNames" : {
        "en-US" : {
          "value" : "vCenterUsername"
        }
      },
      "descriptions" : {
        "en-US" : {
          "value" : "vCenterUsername"
        }
      },
      "type" : "string"
    }, {
      "name" : "vCenterPassword",
      "displayName" : "vCenterPassword",
      "description" : "vCenterPassword",
      "required" : true,
      "confidential" : true,
      "displayNames" : {
        "en-US" : {
          "value" : "vCenterPassword"
        }
      },
      "descriptions" : {
        "en-US" : {
          "value" : "vCenterPassword"
        }
      },
      "type" : "string"
    }, {
      "name" : "datacenterName",
      "displayName" : "datacenterName",
      "description" : "datacenterName",
      "required" : true,
      "confidential" : false,
      "displayNames" : {
        "en-US" : {
          "value" : "datacenterName"
        }
      },
      "descriptions" : {
        "en-US" : {
          "value" : "datacenterName"
        }
      },
      "type" : "string"
    }, {
      "name" : "vmID",
      "displayName" : "vmID",
      "description" : "vmID",
      "required" : true,
      "confidential" : false,
      "displayNames" : {
        "en-US" : {
          "value" : "vmID"
        }
      },
      "descriptions" : {
        "en-US" : {
          "value" : "vmID"
        }
      },
      "type" : "string"
    }, {
      "name" : "cpuCount",
      "displayName" : "cpuCount",
      "description" : "cpuCount",
      "required" : false,
      "confidential" : false,
      "displayNames" : {
        "en-US" : {
          "value" : "cpuCount"
        }
      },
      "descriptions" : {
        "en-US" : {
          "value" : "cpuCount"
        }
      },
      "type" : "string"
    }, {
      "name" : "prev_cpuCount",
      "displayName" : "prev_cpuCount",
      "description" : "prev_cpuCount",
      "required" : false,
      "confidential" : false,
      "displayNames" : {
        "en-US" : {
          "value" : "prev_cpuCount"
        }
      },
      "descriptions" : {
        "en-US" : {
          "value" : "prev_cpuCount"
        }
      },
      "type" : "string"
    }, {
      "name" : "memorySize",
      "displayName" : "memorySize",
      "description" : "memorySize",
      "required" : false,
      "confidential" : false,
      "displayNames" : {
        "en-US" : {
          "value" : "memorySize"
        }
      },
      "descriptions" : {
        "en-US" : {
          "value" : "memorySize"
        }
      },
      "type" : "string"
    }, {
      "name" : "prev_memorySize",
      "displayName" : "prev_memorySize",
      "description" : "prev_memorySize",
      "required" : false,
      "confidential" : false,
      "displayNames" : {
        "en-US" : {
          "value" : "prev_memorySize"
        }
      },
      "descriptions" : {
        "en-US" : {
          "value" : "prev_memorySize"
        }
      },
      "type" : "string"
    }, {
      "name" : "modifyFailureValue",
      "displayName" : "modifyFailureValue",
      "description" : "modifyFailureValue",
      "required" : false,
      "confidential" : false,
      "displayNames" : {
        "en-US" : {
          "value" : "modifyFailureValue"
        }
      },
      "descriptions" : {
        "en-US" : {
          "value" : "modifyFailureValue"
        }
      },
      "type" : "string"
    } ],
    "outputParameters" : [ {
      "name" : "cpuCount",
      "displayName" : "cpuCount",
      "description" : "cpuCount",
      "required" : true,
      "confidential" : false,
      "displayNames" : {
        "en-US" : {
          "value" : "cpuCount"
        }
      },
      "descriptions" : {
        "en-US" : {
          "value" : "cpuCount"
        }
      },
      "type" : "string"
    }, {
      "name" : "memorySize",
      "displayName" : "memorySize",
      "description" : "memorySize",
      "required" : true,
      "confidential" : false,
      "displayNames" : {
        "en-US" : {
          "value" : "memorySize"
        }
      },
      "descriptions" : {
        "en-US" : {
          "value" : "memorySize"
        }
      },
      "type" : "string"
    }, {
      "name" : "result",
      "displayName" : "result",
      "description" : "result",
      "required" : true,
      "confidential" : false,
      "displayNames" : {
        "en-US" : {
          "value" : "result"
        }
      },
      "descriptions" : {
        "en-US" : {
          "value" : "result"
        }
      },
      "type" : "string"
    }, {
      "name" : "vmState",
      "displayName" : "vmState",
      "description" : "vmState",
      "required" : true,
      "confidential" : false,
      "displayNames" : {
        "en-US" : {
          "value" : "vmState"
        }
      },
      "descriptions" : {
        "en-US" : {
          "value" : "vmState"
        }
      },
      "type" : "string"
    } ],
    "lifecycleAction" : "ModifyFailureHandler",
    "final" : false,
    "visible" : false,
    "displayNames" : {
      "en-US" : {
        "value" : "Modify Failure Server"
      }
    },
    "descriptions" : {
      "en-US" : {
        "value" : "Modify Failure Server"
      }
    }
  }, {
    "name" : "Modify_Server",
    "displayName" : "Modify Server",
    "description" : "Modify Server",
    "inputParameters" : [ {
      "name" : "vCenterHost",
      "displayName" : "vCenterHost",
      "description" : "vCenterHost",
      "required" : true,
      "confidential" : false,
      "displayNames" : {
        "en-US" : {
          "value" : "vCenterHost"
        }
      },
      "descriptions" : {
        "en-US" : {
          "value" : "vCenterHost"
        }
      },
      "type" : "string"
    }, {
      "name" : "vCenterPort",
      "displayName" : "vCenterPort",
      "description" : "vCenterPort",
      "required" : true,
      "confidential" : false,
      "displayNames" : {
        "en-US" : {
          "value" : "vCenterPort"
        }
      },
      "descriptions" : {
        "en-US" : {
          "value" : "vCenterPort"
        }
      },
      "type" : "string"
    }, {
      "name" : "vCenterProtocol",
      "displayName" : "vCenterProtocol",
      "description" : "vCenterProtocol",
      "required" : true,
      "confidential" : false,
      "displayNames" : {
        "en-US" : {
          "value" : "vCenterProtocol"
        }
      },
      "descriptions" : {
        "en-US" : {
          "value" : "vCenterProtocol"
        }
      },
      "type" : "string"
    }, {
      "name" : "vCenterUsername",
      "displayName" : "vCenterUsername",
      "description" : "vCenterUsername",
      "required" : true,
      "confidential" : false,
      "displayNames" : {
        "en-US" : {
          "value" : "vCenterUsername"
        }
      },
      "descriptions" : {
        "en-US" : {
          "value" : "vCenterUsername"
        }
      },
      "type" : "string"
    }, {
      "name" : "vCenterPassword",
      "displayName" : "vCenterPassword",
      "description" : "vCenterPassword",
      "required" : true,
      "confidential" : true,
      "displayNames" : {
        "en-US" : {
          "value" : "vCenterPassword"
        }
      },
      "descriptions" : {
        "en-US" : {
          "value" : "vCenterPassword"
        }
      },
      "type" : "string"
    }, {
      "name" : "datacenterName",
      "displayName" : "datacenterName",
      "description" : "datacenterName",
      "required" : true,
      "confidential" : false,
      "displayNames" : {
        "en-US" : {
          "value" : "datacenterName"
        }
      },
      "descriptions" : {
        "en-US" : {
          "value" : "datacenterName"
        }
      },
      "type" : "string"
    }, {
      "name" : "vmID",
      "displayName" : "vmID",
      "description" : "vmID",
      "required" : true,
      "confidential" : false,
      "displayNames" : {
        "en-US" : {
          "value" : "vmID"
        }
      },
      "descriptions" : {
        "en-US" : {
          "value" : "vmID"
        }
      },
      "type" : "string"
    }, {
      "name" : "cpuCount",
      "displayName" : "cpuCount",
      "description" : "cpuCount",
      "required" : false,
      "confidential" : false,
      "displayNames" : {
        "en-US" : {
          "value" : "cpuCount"
        }
      },
      "descriptions" : {
        "en-US" : {
          "value" : "cpuCount"
        }
      },
      "type" : "string"
    }, {
      "name" : "prev_cpuCount",
      "displayName" : "prev_cpuCount",
      "description" : "prev_cpuCount",
      "required" : false,
      "confidential" : false,
      "displayNames" : {
        "en-US" : {
          "value" : "prev_cpuCount"
        }
      },
      "descriptions" : {
        "en-US" : {
          "value" : "prev_cpuCount"
        }
      },
      "type" : "string"
    }, {
      "name" : "memorySize",
      "displayName" : "memorySize",
      "description" : "memorySize",
      "required" : false,
      "confidential" : false,
      "displayNames" : {
        "en-US" : {
          "value" : "memorySize"
        }
      },
      "descriptions" : {
        "en-US" : {
          "value" : "memorySize"
        }
      },
      "type" : "string"
    }, {
      "name" : "prev_memorySize",
      "displayName" : "prev_memorySize",
      "description" : "prev_memorySize",
      "required" : false,
      "confidential" : false,
      "displayNames" : {
        "en-US" : {
          "value" : "prev_memorySize"
        }
      },
      "descriptions" : {
        "en-US" : {
          "value" : "prev_memorySize"
        }
      },
      "type" : "string"
    } ],
    "outputParameters" : [ {
      "name" : "cpuCount",
      "displayName" : "cpuCount",
      "description" : "cpuCount",
      "required" : true,
      "confidential" : false,
      "displayNames" : {
        "en-US" : {
          "value" : "cpuCount"
        }
      },
      "descriptions" : {
        "en-US" : {
          "value" : "cpuCount"
        }
      },
      "type" : "string"
    }, {
      "name" : "memorySize",
      "displayName" : "memorySize",
      "description" : "memorySize",
      "required" : true,
      "confidential" : false,
      "displayNames" : {
        "en-US" : {
          "value" : "memorySize"
        }
      },
      "descriptions" : {
        "en-US" : {
          "value" : "memorySize"
        }
      },
      "type" : "string"
    }, {
      "name" : "modifyReturnValue",
      "displayName" : "modifyReturnValue",
      "description" : "modifyReturnValue",
      "required" : true,
      "confidential" : false,
      "displayNames" : {
        "en-US" : {
          "value" : "modifyReturnValue"
        }
      },
      "descriptions" : {
        "en-US" : {
          "value" : "modifyReturnValue"
        }
      },
      "type" : "string"
    }, {
      "name" : "result",
      "displayName" : "result",
      "description" : "result",
      "required" : true,
      "confidential" : false,
      "displayNames" : {
        "en-US" : {
          "value" : "result"
        }
      },
      "descriptions" : {
        "en-US" : {
          "value" : "result"
        }
      },
      "type" : "string"
    }, {
      "name" : "vmState",
      "displayName" : "vmState",
      "description" : "vmState",
      "required" : true,
      "confidential" : false,
      "displayNames" : {
        "en-US" : {
          "value" : "vmState"
        }
      },
      "descriptions" : {
        "en-US" : {
          "value" : "vmState"
        }
      },
      "type" : "string"
    } ],
    "lifecycleAction" : "Modify",
    "final" : false,
    "visible" : false,
    "displayNames" : {
      "en-US" : {
        "value" : "Modify Server"
      }
    },
    "descriptions" : {
      "en-US" : {
        "value" : "Modify Server"
      }
    }
  }, {
    "name" : "Restart_Server",
    "displayName" : "Restart Server",
    "description" : "Restart Server",
    "inputParameters" : [ {
      "name" : "vCenterHost",
      "displayName" : "vCenterHost",
      "description" : "vCenterHost",
      "required" : true,
      "confidential" : false,
      "displayNames" : {
        "en-US" : {
          "value" : "vCenterHost"
        }
      },
      "descriptions" : {
        "en-US" : {
          "value" : "vCenterHost"
        }
      },
      "type" : "string"
    }, {
      "name" : "vCenterPort",
      "displayName" : "vCenterPort",
      "description" : "vCenterPort",
      "required" : true,
      "confidential" : false,
      "displayNames" : {
        "en-US" : {
          "value" : "vCenterPort"
        }
      },
      "descriptions" : {
        "en-US" : {
          "value" : "vCenterPort"
        }
      },
      "type" : "string"
    }, {
      "name" : "vCenterProtocol",
      "displayName" : "vCenterProtocol",
      "description" : "vCenterProtocol",
      "required" : true,
      "confidential" : false,
      "displayNames" : {
        "en-US" : {
          "value" : "vCenterProtocol"
        }
      },
      "descriptions" : {
        "en-US" : {
          "value" : "vCenterProtocol"
        }
      },
      "type" : "string"
    }, {
      "name" : "vCenterUsername",
      "displayName" : "vCenterUsername",
      "description" : "vCenterUsername",
      "required" : true,
      "confidential" : false,
      "displayNames" : {
        "en-US" : {
          "value" : "vCenterUsername"
        }
      },
      "descriptions" : {
        "en-US" : {
          "value" : "vCenterUsername"
        }
      },
      "type" : "string"
    }, {
      "name" : "vCenterPassword",
      "displayName" : "vCenterPassword",
      "description" : "vCenterPassword",
      "required" : true,
      "confidential" : true,
      "displayNames" : {
        "en-US" : {
          "value" : "vCenterPassword"
        }
      },
      "descriptions" : {
        "en-US" : {
          "value" : "vCenterPassword"
        }
      },
      "type" : "string"
    }, {
      "name" : "datacenterName",
      "displayName" : "datacenterName",
      "description" : "datacenterName",
      "required" : true,
      "confidential" : false,
      "displayNames" : {
        "en-US" : {
          "value" : "datacenterName"
        }
      },
      "descriptions" : {
        "en-US" : {
          "value" : "datacenterName"
        }
      },
      "type" : "string"
    }, {
      "name" : "vmID",
      "displayName" : "vmID",
      "description" : "vmID",
      "required" : true,
      "confidential" : false,
      "displayNames" : {
        "en-US" : {
          "value" : "vmID"
        }
      },
      "descriptions" : {
        "en-US" : {
          "value" : "vmID"
        }
      },
      "type" : "string"
    } ],
    "outputParameters" : [ {
      "name" : "vmState",
      "displayName" : "vmState",
      "description" : "vmState",
      "required" : true,
      "confidential" : false,
      "displayNames" : {
        "en-US" : {
          "value" : "vmState"
        }
      },
      "descriptions" : {
        "en-US" : {
          "value" : "vmState"
        }
      },
      "type" : "string"
    } ],
    "final" : false,
    "visible" : true,
    "displayNames" : {
      "en-US" : {
        "value" : "Restart Server"
      }
    },
    "descriptions" : {
      "en-US" : {
        "value" : "Restart Server"
      }
    }
  }, {
    "name" : "Start_Server",
    "displayName" : "Start Server",
    "description" : "Start Server",
    "inputParameters" : [ {
      "name" : "vCenterHost",
      "displayName" : "vCenterHost",
      "description" : "vCenterHost",
      "required" : true,
      "confidential" : false,
      "displayNames" : {
        "en-US" : {
          "value" : "vCenterHost"
        }
      },
      "descriptions" : {
        "en-US" : {
          "value" : "vCenterHost"
        }
      },
      "type" : "string"
    }, {
      "name" : "vCenterPort",
      "displayName" : "vCenterPort",
      "description" : "vCenterPort",
      "required" : true,
      "confidential" : false,
      "displayNames" : {
        "en-US" : {
          "value" : "vCenterPort"
        }
      },
      "descriptions" : {
        "en-US" : {
          "value" : "vCenterPort"
        }
      },
      "type" : "string"
    }, {
      "name" : "vCenterProtocol",
      "displayName" : "vCenterProtocol",
      "description" : "vCenterProtocol",
      "required" : true,
      "confidential" : false,
      "displayNames" : {
        "en-US" : {
          "value" : "vCenterProtocol"
        }
      },
      "descriptions" : {
        "en-US" : {
          "value" : "vCenterProtocol"
        }
      },
      "type" : "string"
    }, {
      "name" : "vCenterUsername",
      "displayName" : "vCenterUsername",
      "description" : "vCenterUsername",
      "required" : true,
      "confidential" : false,
      "displayNames" : {
        "en-US" : {
          "value" : "vCenterUsername"
        }
      },
      "descriptions" : {
        "en-US" : {
          "value" : "vCenterUsername"
        }
      },
      "type" : "string"
    }, {
      "name" : "vCenterPassword",
      "displayName" : "vCenterPassword",
      "description" : "vCenterPassword",
      "required" : true,
      "confidential" : true,
      "displayNames" : {
        "en-US" : {
          "value" : "vCenterPassword"
        }
      },
      "descriptions" : {
        "en-US" : {
          "value" : "vCenterPassword"
        }
      },
      "type" : "string"
    }, {
      "name" : "datacenterName",
      "displayName" : "datacenterName",
      "description" : "datacenterName",
      "required" : true,
      "confidential" : false,
      "displayNames" : {
        "en-US" : {
          "value" : "datacenterName"
        }
      },
      "descriptions" : {
        "en-US" : {
          "value" : "datacenterName"
        }
      },
      "type" : "string"
    }, {
      "name" : "vmID",
      "displayName" : "vmID",
      "description" : "vmID",
      "required" : true,
      "confidential" : false,
      "displayNames" : {
        "en-US" : {
          "value" : "vmID"
        }
      },
      "descriptions" : {
        "en-US" : {
          "value" : "vmID"
        }
      },
      "type" : "string"
    } ],
    "outputParameters" : [ {
      "name" : "vmState",
      "displayName" : "vmState",
      "description" : "vmState",
      "required" : true,
      "confidential" : false,
      "displayNames" : {
        "en-US" : {
          "value" : "vmState"
        }
      },
      "descriptions" : {
        "en-US" : {
          "value" : "vmState"
        }
      },
      "type" : "string"
    } ],
    "final" : false,
    "visible" : true,
    "displayNames" : {
      "en-US" : {
        "value" : "Start Server"
      }
    },
    "descriptions" : {
      "en-US" : {
        "value" : "Start Server"
      }
    }
  }, {
    "name" : "Stop_Server",
    "displayName" : "Stop Server",
    "description" : "Stop Server",
    "inputParameters" : [ {
      "name" : "vCenterHost",
      "displayName" : "vCenterHost",
      "description" : "vCenterHost",
      "required" : true,
      "confidential" : false,
      "displayNames" : {
        "en-US" : {
          "value" : "vCenterHost"
        }
      },
      "descriptions" : {
        "en-US" : {
          "value" : "vCenterHost"
        }
      },
      "type" : "string"
    }, {
      "name" : "vCenterPort",
      "displayName" : "vCenterPort",
      "description" : "vCenterPort",
      "required" : true,
      "confidential" : false,
      "displayNames" : {
        "en-US" : {
          "value" : "vCenterPort"
        }
      },
      "descriptions" : {
        "en-US" : {
          "value" : "vCenterPort"
        }
      },
      "type" : "string"
    }, {
      "name" : "vCenterProtocol",
      "displayName" : "vCenterProtocol",
      "description" : "vCenterProtocol",
      "required" : true,
      "confidential" : false,
      "displayNames" : {
        "en-US" : {
          "value" : "vCenterProtocol"
        }
      },
      "descriptions" : {
        "en-US" : {
          "value" : "vCenterProtocol"
        }
      },
      "type" : "string"
    }, {
      "name" : "vCenterUsername",
      "displayName" : "vCenterUsername",
      "description" : "vCenterUsername",
      "required" : true,
      "confidential" : false,
      "displayNames" : {
        "en-US" : {
          "value" : "vCenterUsername"
        }
      },
      "descriptions" : {
        "en-US" : {
          "value" : "vCenterUsername"
        }
      },
      "type" : "string"
    }, {
      "name" : "vCenterPassword",
      "displayName" : "vCenterPassword",
      "description" : "vCenterPassword",
      "required" : true,
      "confidential" : true,
      "displayNames" : {
        "en-US" : {
          "value" : "vCenterPassword"
        }
      },
      "descriptions" : {
        "en-US" : {
          "value" : "vCenterPassword"
        }
      },
      "type" : "string"
    }, {
      "name" : "datacenterName",
      "displayName" : "datacenterName",
      "description" : "datacenterName",
      "required" : true,
      "confidential" : false,
      "displayNames" : {
        "en-US" : {
          "value" : "datacenterName"
        }
      },
      "descriptions" : {
        "en-US" : {
          "value" : "datacenterName"
        }
      },
      "type" : "string"
    }, {
      "name" : "vmID",
      "displayName" : "vmID",
      "description" : "vmID",
      "required" : true,
      "confidential" : false,
      "displayNames" : {
        "en-US" : {
          "value" : "vmID"
        }
      },
      "descriptions" : {
        "en-US" : {
          "value" : "vmID"
        }
      },
      "type" : "string"
    } ],
    "outputParameters" : [ {
      "name" : "vmState",
      "displayName" : "vmState",
      "description" : "vmState",
      "required" : true,
      "confidential" : false,
      "displayNames" : {
        "en-US" : {
          "value" : "vmState"
        }
      },
      "descriptions" : {
        "en-US" : {
          "value" : "vmState"
        }
      },
      "type" : "string"
    } ],
    "final" : false,
    "visible" : true,
    "displayNames" : {
      "en-US" : {
        "value" : "Stop Server"
      }
    },
    "descriptions" : {
      "en-US" : {
        "value" : "Stop Server"
      }
    }
  }, {
    "name" : "Suspend_Server",
    "displayName" : "Suspend Server",
    "description" : "Suspend Server",
    "inputParameters" : [ {
      "name" : "vCenterHost",
      "displayName" : "vCenterHost",
      "description" : "vCenterHost",
      "required" : true,
      "confidential" : false,
      "displayNames" : {
        "en-US" : {
          "value" : "vCenterHost"
        }
      },
      "descriptions" : {
        "en-US" : {
          "value" : "vCenterHost"
        }
      },
      "type" : "string"
    }, {
      "name" : "vCenterUsername",
      "displayName" : "vCenterUsername",
      "description" : "vCenterUsername",
      "required" : true,
      "confidential" : false,
      "displayNames" : {
        "en-US" : {
          "value" : "vCenterUsername"
        }
      },
      "descriptions" : {
        "en-US" : {
          "value" : "vCenterUsername"
        }
      },
      "type" : "string"
    }, {
      "name" : "vCenterPassword",
      "displayName" : "vCenterPassword",
      "description" : "vCenterPassword",
      "required" : true,
      "confidential" : true,
      "displayNames" : {
        "en-US" : {
          "value" : "vCenterPassword"
        }
      },
      "descriptions" : {
        "en-US" : {
          "value" : "vCenterPassword"
        }
      },
      "type" : "string"
    }, {
      "name" : "vCenterPort",
      "displayName" : "vCenterPort",
      "description" : "vCenterPort",
      "required" : true,
      "confidential" : false,
      "displayNames" : {
        "en-US" : {
          "value" : "vCenterPort"
        }
      },
      "descriptions" : {
        "en-US" : {
          "value" : "vCenterPort"
        }
      },
      "type" : "string"
    }, {
      "name" : "vCenterProtocol",
      "displayName" : "vCenterProtocol",
      "description" : "vCenterProtocol",
      "required" : true,
      "confidential" : false,
      "displayNames" : {
        "en-US" : {
          "value" : "vCenterProtocol"
        }
      },
      "descriptions" : {
        "en-US" : {
          "value" : "vCenterProtocol"
        }
      },
      "type" : "string"
    }, {
      "name" : "vmID",
      "displayName" : "vmID",
      "description" : "vmID",
      "required" : true,
      "confidential" : false,
      "displayNames" : {
        "en-US" : {
          "value" : "vmID"
        }
      },
      "descriptions" : {
        "en-US" : {
          "value" : "vmID"
        }
      },
      "type" : "string"
    } ],
    "outputParameters" : [ {
      "name" : "vmState",
      "displayName" : "vmState",
      "description" : "vmState",
      "required" : true,
      "confidential" : false,
      "displayNames" : {
        "en-US" : {
          "value" : "vmState"
        }
      },
      "descriptions" : {
        "en-US" : {
          "value" : "vmState"
        }
      },
      "type" : "string"
    } ],
    "final" : false,
    "visible" : true,
    "displayNames" : {
      "en-US" : {
        "value" : "Suspend Server"
      }
    },
    "descriptions" : {
      "en-US" : {
        "value" : "Suspend Server"
      }
    }
  }, {
    "name" : "Undeploy_Server",
    "displayName" : "Undeploy Server",
    "description" : "Undeploy Server",
    "inputParameters" : [ {
      "name" : "vCenterHost",
      "displayName" : "vCenterHost",
      "description" : "vCenterHost",
      "required" : true,
      "confidential" : false,
      "displayNames" : {
        "en-US" : {
          "value" : "vCenterHost"
        }
      },
      "descriptions" : {
        "en-US" : {
          "value" : "vCenterHost"
        }
      },
      "type" : "string"
    }, {
      "name" : "vCenterPort",
      "displayName" : "vCenterPort",
      "description" : "vCenterPort",
      "required" : true,
      "confidential" : false,
      "displayNames" : {
        "en-US" : {
          "value" : "vCenterPort"
        }
      },
      "descriptions" : {
        "en-US" : {
          "value" : "vCenterPort"
        }
      },
      "type" : "string"
    }, {
      "name" : "vCenterProtocol",
      "displayName" : "vCenterProtocol",
      "description" : "vCenterProtocol",
      "required" : true,
      "confidential" : false,
      "displayNames" : {
        "en-US" : {
          "value" : "vCenterProtocol"
        }
      },
      "descriptions" : {
        "en-US" : {
          "value" : "vCenterProtocol"
        }
      },
      "type" : "string"
    }, {
      "name" : "vCenterUsername",
      "displayName" : "vCenterUsername",
      "description" : "vCenterUsername",
      "required" : true,
      "confidential" : false,
      "displayNames" : {
        "en-US" : {
          "value" : "vCenterUsername"
        }
      },
      "descriptions" : {
        "en-US" : {
          "value" : "vCenterUsername"
        }
      },
      "type" : "string"
    }, {
      "name" : "vCenterPassword",
      "displayName" : "vCenterPassword",
      "description" : "vCenterPassword",
      "required" : true,
      "confidential" : true,
      "displayNames" : {
        "en-US" : {
          "value" : "vCenterPassword"
        }
      },
      "descriptions" : {
        "en-US" : {
          "value" : "vCenterPassword"
        }
      },
      "type" : "string"
    }, {
      "name" : "datacenterName",
      "displayName" : "datacenterName",
      "description" : "datacenterName",
      "required" : true,
      "confidential" : false,
      "displayNames" : {
        "en-US" : {
          "value" : "datacenterName"
        }
      },
      "descriptions" : {
        "en-US" : {
          "value" : "datacenterName"
        }
      },
      "type" : "string"
    }, {
      "name" : "vmID",
      "displayName" : "vmID",
      "description" : "vmID",
      "required" : false,
      "confidential" : false,
      "displayNames" : {
        "en-US" : {
          "value" : "vmID"
        }
      },
      "descriptions" : {
        "en-US" : {
          "value" : "vmID"
        }
      },
      "type" : "string"
    } ],
    "outputParameters" : [ {
      "name" : "result",
      "displayName" : "result",
      "description" : "result",
      "required" : true,
      "confidential" : false,
      "displayNames" : {
        "en-US" : {
          "value" : "result"
        }
      },
      "descriptions" : {
        "en-US" : {
          "value" : "result"
        }
      },
      "type" : "string"
    } ],
    "lifecycleAction" : "Undeploy",
    "final" : false,
    "visible" : false,
    "displayNames" : {
      "en-US" : {
        "value" : "Undeploy Server"
      }
    },
    "descriptions" : {
      "en-US" : {
        "value" : "Undeploy Server"
      }
    }
  }, {
    "name" : "Unmodify_Server",
    "displayName" : "Unmodify Server",
    "description" : "Unmodify Server",
    "inputParameters" : [ {
      "name" : "vCenterHost",
      "displayName" : "vCenterHost",
      "description" : "vCenterHost",
      "required" : true,
      "confidential" : false,
      "displayNames" : {
        "en-US" : {
          "value" : "vCenterHost"
        }
      },
      "descriptions" : {
        "en-US" : {
          "value" : "vCenterHost"
        }
      },
      "type" : "string"
    }, {
      "name" : "vCenterPort",
      "displayName" : "vCenterPort",
      "description" : "vCenterPort",
      "required" : true,
      "confidential" : false,
      "displayNames" : {
        "en-US" : {
          "value" : "vCenterPort"
        }
      },
      "descriptions" : {
        "en-US" : {
          "value" : "vCenterPort"
        }
      },
      "type" : "string"
    }, {
      "name" : "vCenterProtocol",
      "displayName" : "vCenterProtocol",
      "description" : "vCenterProtocol",
      "required" : true,
      "confidential" : false,
      "displayNames" : {
        "en-US" : {
          "value" : "vCenterProtocol"
        }
      },
      "descriptions" : {
        "en-US" : {
          "value" : "vCenterProtocol"
        }
      },
      "type" : "string"
    }, {
      "name" : "vCenterUsername",
      "displayName" : "vCenterUsername",
      "description" : "vCenterUsername",
      "required" : true,
      "confidential" : false,
      "displayNames" : {
        "en-US" : {
          "value" : "vCenterUsername"
        }
      },
      "descriptions" : {
        "en-US" : {
          "value" : "vCenterUsername"
        }
      },
      "type" : "string"
    }, {
      "name" : "vCenterPassword",
      "displayName" : "vCenterPassword",
      "description" : "vCenterPassword",
      "required" : true,
      "confidential" : true,
      "displayNames" : {
        "en-US" : {
          "value" : "vCenterPassword"
        }
      },
      "descriptions" : {
        "en-US" : {
          "value" : "vCenterPassword"
        }
      },
      "type" : "string"
    }, {
      "name" : "datacenterName",
      "displayName" : "datacenterName",
      "description" : "datacenterName",
      "required" : true,
      "confidential" : false,
      "displayNames" : {
        "en-US" : {
          "value" : "datacenterName"
        }
      },
      "descriptions" : {
        "en-US" : {
          "value" : "datacenterName"
        }
      },
      "type" : "string"
    }, {
      "name" : "vmID",
      "displayName" : "vmID",
      "description" : "vmID",
      "required" : true,
      "confidential" : false,
      "displayNames" : {
        "en-US" : {
          "value" : "vmID"
        }
      },
      "descriptions" : {
        "en-US" : {
          "value" : "vmID"
        }
      },
      "type" : "string"
    }, {
      "name" : "cpuCount",
      "displayName" : "cpuCount",
      "description" : "cpuCount",
      "required" : false,
      "confidential" : false,
      "displayNames" : {
        "en-US" : {
          "value" : "cpuCount"
        }
      },
      "descriptions" : {
        "en-US" : {
          "value" : "cpuCount"
        }
      },
      "type" : "string"
    }, {
      "name" : "prev_cpuCount",
      "displayName" : "prev_cpuCount",
      "description" : "prev_cpuCount",
      "required" : false,
      "confidential" : false,
      "displayNames" : {
        "en-US" : {
          "value" : "prev_cpuCount"
        }
      },
      "descriptions" : {
        "en-US" : {
          "value" : "prev_cpuCount"
        }
      },
      "type" : "string"
    }, {
      "name" : "memorySize",
      "displayName" : "memorySize",
      "description" : "memorySize",
      "required" : false,
      "confidential" : false,
      "displayNames" : {
        "en-US" : {
          "value" : "memorySize"
        }
      },
      "descriptions" : {
        "en-US" : {
          "value" : "memorySize"
        }
      },
      "type" : "string"
    }, {
      "name" : "prev_memorySize",
      "displayName" : "prev_memorySize",
      "description" : "prev_memorySize",
      "required" : false,
      "confidential" : false,
      "displayNames" : {
        "en-US" : {
          "value" : "prev_memorySize"
        }
      },
      "descriptions" : {
        "en-US" : {
          "value" : "prev_memorySize"
        }
      },
      "type" : "string"
    } ],
    "outputParameters" : [ {
      "name" : "cpuCount",
      "displayName" : "cpuCount",
      "description" : "cpuCount",
      "required" : true,
      "confidential" : false,
      "displayNames" : {
        "en-US" : {
          "value" : "cpuCount"
        }
      },
      "descriptions" : {
        "en-US" : {
          "value" : "cpuCount"
        }
      },
      "type" : "string"
    }, {
      "name" : "memorySize",
      "displayName" : "memorySize",
      "description" : "memorySize",
      "required" : true,
      "confidential" : false,
      "displayNames" : {
        "en-US" : {
          "value" : "memorySize"
        }
      },
      "descriptions" : {
        "en-US" : {
          "value" : "memorySize"
        }
      },
      "type" : "string"
    }, {
      "name" : "result",
      "displayName" : "result",
      "description" : "result",
      "required" : true,
      "confidential" : false,
      "displayNames" : {
        "en-US" : {
          "value" : "result"
        }
      },
      "descriptions" : {
        "en-US" : {
          "value" : "result"
        }
      },
      "type" : "string"
    }, {
      "name" : "vmState",
      "displayName" : "vmState",
      "description" : "vmState",
      "required" : true,
      "confidential" : false,
      "displayNames" : {
        "en-US" : {
          "value" : "vmState"
        }
      },
      "descriptions" : {
        "en-US" : {
          "value" : "vmState"
        }
      },
      "type" : "string"
    } ],
    "lifecycleAction" : "Unmodify",
    "final" : false,
    "visible" : false,
    "displayNames" : {
      "en-US" : {
        "value" : "Unmodify Server"
      }
    },
    "descriptions" : {
      "en-US" : {
        "value" : "Unmodify Server"
      }
    }
  }, {
    "name" : "Deploy_Server",
    "displayName" : "Deploy Server",
    "description" : "Deploy Server",
    "inputParameters" : [ {
      "name" : "vCenterHost",
      "displayName" : "vCenterHost",
      "description" : "vCenterHost",
      "required" : true,
      "confidential" : false,
      "displayNames" : {
        "en-US" : {
          "value" : "vCenterHost"
        }
      },
      "descriptions" : {
        "en-US" : {
          "value" : "vCenterHost"
        }
      },
      "type" : "string"
    }, {
      "name" : "vCenterPort",
      "displayName" : "vCenterPort",
      "description" : "vCenterPort",
      "required" : true,
      "confidential" : false,
      "displayNames" : {
        "en-US" : {
          "value" : "vCenterPort"
        }
      },
      "descriptions" : {
        "en-US" : {
          "value" : "vCenterPort"
        }
      },
      "type" : "string"
    }, {
      "name" : "vCenterProtocol",
      "displayName" : "vCenterProtocol",
      "description" : "vCenterProtocol",
      "required" : true,
      "confidential" : false,
      "displayNames" : {
        "en-US" : {
          "value" : "vCenterProtocol"
        }
      },
      "descriptions" : {
        "en-US" : {
          "value" : "vCenterProtocol"
        }
      },
      "type" : "string"
    }, {
      "name" : "vCenterUsername",
      "displayName" : "vCenterUsername",
      "description" : "vCenterUsername",
      "required" : true,
      "confidential" : false,
      "displayNames" : {
        "en-US" : {
          "value" : "vCenterUsername"
        }
      },
      "descriptions" : {
        "en-US" : {
          "value" : "vCenterUsername"
        }
      },
      "type" : "string"
    }, {
      "name" : "vCenterPassword",
      "displayName" : "vCenterPassword",
      "description" : "vCenterPassword",
      "required" : true,
      "confidential" : true,
      "displayNames" : {
        "en-US" : {
          "value" : "vCenterPassword"
        }
      },
      "descriptions" : {
        "en-US" : {
          "value" : "vCenterPassword"
        }
      },
      "type" : "string"
    }, {
      "name" : "datacenterName",
      "displayName" : "datacenterName",
      "description" : "datacenterName",
      "required" : true,
      "confidential" : false,
      "displayNames" : {
        "en-US" : {
          "value" : "datacenterName"
        }
      },
      "descriptions" : {
        "en-US" : {
          "value" : "datacenterName"
        }
      },
      "type" : "string"
    }, {
      "name" : "vmTemplateReference",
      "displayName" : "vmTemplateReference",
      "description" : "vmTemplateReference",
      "required" : true,
      "confidential" : false,
      "displayNames" : {
        "en-US" : {
          "value" : "vmTemplateReference"
        }
      },
      "descriptions" : {
        "en-US" : {
          "value" : "vmTemplateReference"
        }
      },
      "type" : "string"
    }, {
      "name" : "vmNamePrefix",
      "displayName" : "vmNamePrefix",
      "description" : "vmNamePrefix",
      "required" : true,
      "confidential" : false,
      "displayNames" : {
        "en-US" : {
          "value" : "vmNamePrefix"
        }
      },
      "descriptions" : {
        "en-US" : {
          "value" : "vmNamePrefix"
        }
      },
      "type" : "string"
    }, {
      "name" : "customizationSpec",
      "displayName" : "customizationSpec",
      "description" : "customizationSpec",
      "required" : true,
      "confidential" : false,
      "displayNames" : {
        "en-US" : {
          "value" : "customizationSpec"
        }
      },
      "descriptions" : {
        "en-US" : {
          "value" : "customizationSpec"
        }
      },
      "type" : "string"
    }, {
      "name" : "cpuCount",
      "displayName" : "cpuCount",
      "description" : "cpuCount",
      "required" : false,
      "confidential" : false,
      "displayNames" : {
        "en-US" : {
          "value" : "cpuCount"
        }
      },
      "descriptions" : {
        "en-US" : {
          "value" : "cpuCount"
        }
      },
      "type" : "string"
    }, {
      "name" : "memorySize",
      "displayName" : "memorySize",
      "description" : "memorySize",
      "required" : false,
      "confidential" : false,
      "displayNames" : {
        "en-US" : {
          "value" : "memorySize"
        }
      },
      "descriptions" : {
        "en-US" : {
          "value" : "memorySize"
        }
      },
      "type" : "string"
    }, {
      "name" : "vmFolder",
      "displayName" : "vmFolder",
      "description" : "vmFolder",
      "required" : false,
      "confidential" : false,
      "displayNames" : {
        "en-US" : {
          "value" : "vmFolder"
        }
      },
      "descriptions" : {
        "en-US" : {
          "value" : "vmFolder"
        }
      },
      "type" : "string"
    }, {
      "name" : "clusterName",
      "displayName" : "clusterName",
      "description" : "clusterName",
      "required" : false,
      "confidential" : false,
      "displayNames" : {
        "en-US" : {
          "value" : "clusterName"
        }
      },
      "descriptions" : {
        "en-US" : {
          "value" : "clusterName"
        }
      },
      "type" : "string"
    }, {
      "name" : "vmResourcePool",
      "displayName" : "vmResourcePool",
      "description" : "vmResourcePool",
      "required" : false,
      "confidential" : false,
      "displayNames" : {
        "en-US" : {
          "value" : "vmResourcePool"
        }
      },
      "descriptions" : {
        "en-US" : {
          "value" : "vmResourcePool"
        }
      },
      "type" : "string"
    }, {
      "name" : "hostSystem",
      "displayName" : "hostSystem",
      "description" : "hostSystem",
      "required" : false,
      "confidential" : false,
      "displayNames" : {
        "en-US" : {
          "value" : "hostSystem"
        }
      },
      "descriptions" : {
        "en-US" : {
          "value" : "hostSystem"
        }
      },
      "type" : "string"
    }, {
      "name" : "dataStore",
      "displayName" : "dataStore",
      "description" : "dataStore",
      "required" : false,
      "confidential" : false,
      "displayNames" : {
        "en-US" : {
          "value" : "dataStore"
        }
      },
      "descriptions" : {
        "en-US" : {
          "value" : "dataStore"
        }
      },
      "type" : "string"
    }, {
      "name" : "username",
      "displayName" : "username",
      "description" : "username",
      "required" : false,
      "confidential" : false,
      "displayNames" : {
        "en-US" : {
          "value" : "username"
        }
      },
      "descriptions" : {
        "en-US" : {
          "value" : "username"
        }
      },
      "type" : "string"
    }, {
      "name" : "password",
      "displayName" : "password",
      "description" : "password",
      "required" : false,
      "confidential" : true,
      "displayNames" : {
        "en-US" : {
          "value" : "password"
        }
      },
      "descriptions" : {
        "en-US" : {
          "value" : "password"
        }
      },
      "type" : "string"
    }, {
      "name" : "privateKey",
      "displayName" : "privateKey",
      "description" : "privateKey",
      "required" : false,
      "confidential" : true,
      "displayNames" : {
        "en-US" : {
          "value" : "privateKey"
        }
      },
      "descriptions" : {
        "en-US" : {
          "value" : "privateKey"
        }
      },
      "type" : "string"
    } ],
    "outputParameters" : [ {
      "name" : "cpuCount",
      "displayName" : "cpuCount",
      "description" : "cpuCount",
      "required" : true,
      "confidential" : false,
      "displayNames" : {
        "en-US" : {
          "value" : "cpuCount"
        }
      },
      "descriptions" : {
        "en-US" : {
          "value" : "cpuCount"
        }
      },
      "type" : "string"
    }, {
      "name" : "hostname",
      "displayName" : "hostname",
      "description" : "hostname",
      "required" : true,
      "confidential" : false,
      "displayNames" : {
        "en-US" : {
          "value" : "hostname"
        }
      },
      "descriptions" : {
        "en-US" : {
          "value" : "hostname"
        }
      },
      "type" : "string"
    }, {
      "name" : "ipAddress",
      "displayName" : "ipAddress",
      "description" : "ipAddress",
      "required" : true,
      "confidential" : false,
      "displayNames" : {
        "en-US" : {
          "value" : "ipAddress"
        }
      },
      "descriptions" : {
        "en-US" : {
          "value" : "ipAddress"
        }
      },
      "type" : "string"
    }, {
      "name" : "ipAddressList",
      "displayName" : "ipAddressList",
      "description" : "ipAddressList",
      "required" : true,
      "confidential" : false,
      "displayNames" : {
        "en-US" : {
          "value" : "ipAddressList"
        }
      },
      "descriptions" : {
        "en-US" : {
          "value" : "ipAddressList"
        }
      },
      "type" : "string"
    }, {
      "name" : "macAddress",
      "displayName" : "macAddress",
      "description" : "macAddress",
      "required" : true,
      "confidential" : false,
      "displayNames" : {
        "en-US" : {
          "value" : "macAddress"
        }
      },
      "descriptions" : {
        "en-US" : {
          "value" : "macAddress"
        }
      },
      "type" : "string"
    }, {
      "name" : "memorySize",
      "displayName" : "memorySize",
      "description" : "memorySize",
      "required" : true,
      "confidential" : false,
      "displayNames" : {
        "en-US" : {
          "value" : "memorySize"
        }
      },
      "descriptions" : {
        "en-US" : {
          "value" : "memorySize"
        }
      },
      "type" : "string"
    }, {
      "name" : "result",
      "displayName" : "result",
      "description" : "result",
      "required" : true,
      "confidential" : false,
      "displayNames" : {
        "en-US" : {
          "value" : "result"
        }
      },
      "descriptions" : {
        "en-US" : {
          "value" : "result"
        }
      },
      "type" : "string"
    }, {
      "name" : "vmID",
      "displayName" : "vmID",
      "description" : "vmID",
      "required" : true,
      "confidential" : false,
      "displayNames" : {
        "en-US" : {
          "value" : "vmID"
        }
      },
      "descriptions" : {
        "en-US" : {
          "value" : "vmID"
        }
      },
      "type" : "string"
    }, {
      "name" : "vmState",
      "displayName" : "vmState",
      "description" : "vmState",
      "required" : true,
      "confidential" : false,
      "displayNames" : {
        "en-US" : {
          "value" : "vmState"
        }
      },
      "descriptions" : {
        "en-US" : {
          "value" : "vmState"
        }
      },
      "type" : "string"
    } ],
    "lifecycleAction" : "Deploy",
    "final" : false,
    "visible" : false,
    "displayNames" : {
      "en-US" : {
        "value" : "Deploy Server"
      }
    },
    "descriptions" : {
      "en-US" : {
        "value" : "Deploy Server"
      }
    }
  } ],
  "relations" : [ ],
  "properties" : [ {
    "name" : "vmID",
    "type" : "string",
    "description" : "vmID property.",
    "minOccurs" : 0,
    "maxOccurs" : 1,
    "mode" : "INPUT_OUTPUT",
    "subProperties" : [ ],
    "displayName" : "vmID",
    "confidential" : false,
    "tags" : {
      "{urn:x-hp:2013:software:ccue:designer:descriptor-schema}tabSet" : "VIEW"
    },
    "consumerVisible" : true,
    "displayNames" : {
      "en-US" : {
        "value" : "vmID"
      }
    },
    "descriptions" : {
      "en-US" : {
        "value" : "vmID property."
      }
    }
  }, {
    "name" : "cpuCount",
    "type" : "number",
    "description" : "cpuCount property.",
    "minOccurs" : 0,
    "maxOccurs" : 1,
    "mode" : "INPUT_OUTPUT",
    "defaultValue" : {
      "value" : "2",
      "type" : "number"
    },
    "subProperties" : [ ],
    "displayName" : "cpuCount",
    "confidential" : false,
    "units" : "CPU",
    "tags" : {
      "{urn:x-hp:2013:software:ccue:designer:descriptor-schema}unitDescription" : null,
      "{urn:x-hp:2013:software:ccue:designer:descriptor-schema}validatorId" : null,
      "measurableType" : "CPU",
      "{urn:x-hp:2013:software:ccue:designer:descriptor-schema}supportsModifyLifecycleAction" : "true",
      "{urn:x-hp:2013:software:ccue:designer:descriptor-schema}tabSet" : "VIEW,EDIT"
    },
    "consumerVisible" : true,
    "displayNames" : {
      "en-US" : {
        "value" : "cpuCount"
      }
    },
    "descriptions" : {
      "en-US" : {
        "value" : "cpuCount property."
      }
    }
  }, {
    "name" : "vmState",
    "type" : "string",
    "description" : "vmState property.",
    "minOccurs" : 0,
    "maxOccurs" : 1,
    "mode" : "OUTPUT",
    "subProperties" : [ ],
    "displayName" : "vmState",
    "confidential" : false,
    "tags" : {
      "{urn:x-hp:2013:software:ccue:designer:descriptor-schema}tabSet" : "VIEW"
    },
    "consumerVisible" : true,
    "displayNames" : {
      "en-US" : {
        "value" : "vmState"
      }
    },
    "descriptions" : {
      "en-US" : {
        "value" : "vmState property."
      }
    }
  }, {
    "name" : "memorySize",
    "type" : "number",
    "description" : "memorySize property.",
    "minOccurs" : 0,
    "maxOccurs" : 1,
    "mode" : "INPUT_OUTPUT",
    "defaultValue" : {
      "value" : "512",
      "type" : "number"
    },
    "subProperties" : [ ],
    "displayName" : "memorySize",
    "confidential" : false,
    "units" : "MB",
    "tags" : {
      "{urn:x-hp:2013:software:ccue:designer:descriptor-schema}unitDescription" : null,
      "{urn:x-hp:2013:software:ccue:designer:descriptor-schema}validatorId" : null,
      "measurableType" : "MEMORY",
      "{urn:x-hp:2013:software:ccue:designer:descriptor-schema}supportsModifyLifecycleAction" : "true",
      "{urn:x-hp:2013:software:ccue:designer:descriptor-schema}tabSet" : "VIEW,EDIT"
    },
    "consumerVisible" : true,
    "displayNames" : {
      "en-US" : {
        "value" : "memorySize"
      }
    },
    "descriptions" : {
      "en-US" : {
        "value" : "memorySize property."
      }
    }
  }, {
    "name" : "result",
    "type" : "string",
    "description" : "result property.",
    "minOccurs" : 0,
    "maxOccurs" : 1,
    "mode" : "OUTPUT",
    "subProperties" : [ ],
    "displayName" : "result",
    "confidential" : false,
    "tags" : {
      "{urn:x-hp:2013:software:ccue:designer:descriptor-schema}tabSet" : "VIEW"
    },
    "consumerVisible" : true,
    "displayNames" : {
      "en-US" : {
        "value" : "result"
      }
    },
    "descriptions" : {
      "en-US" : {
        "value" : "result property."
      }
    }
  }, {
    "name" : "vmTemplateReference",
    "type" : "string",
    "description" : "vmTemplateReference property.",
    "minOccurs" : 1,
    "maxOccurs" : 1,
    "mode" : "INPUT",
    "subProperties" : [ ],
    "displayName" : "vmTemplateReference",
    "confidential" : false,
    "tags" : {
      "{urn:x-hp:2013:software:ccue:designer:descriptor-schema}tabSet" : "VIEW,EDIT"
    },
    "consumerVisible" : true,
    "displayNames" : {
      "en-US" : {
        "value" : "vmTemplateReference"
      }
    },
    "descriptions" : {
      "en-US" : {
        "value" : "vmTemplateReference property."
      }
    }
  }, {
    "name" : "vmNamePrefix",
    "type" : "string",
    "description" : "vmNamePrefix property.",
    "minOccurs" : 1,
    "maxOccurs" : 1,
    "mode" : "INPUT",
    "subProperties" : [ ],
    "displayName" : "vmNamePrefix",
    "confidential" : false,
    "tags" : {
      "{urn:x-hp:2013:software:ccue:designer:descriptor-schema}tabSet" : "VIEW,EDIT"
    },
    "consumerVisible" : true,
    "displayNames" : {
      "en-US" : {
        "value" : "vmNamePrefix"
      }
    },
    "descriptions" : {
      "en-US" : {
        "value" : "vmNamePrefix property."
      }
    }
  }, {
    "name" : "customizationSpec",
    "type" : "string",
    "description" : "customizationSpec property.",
    "minOccurs" : 1,
    "maxOccurs" : 1,
    "mode" : "INPUT",
    "subProperties" : [ ],
    "displayName" : "customizationSpec",
    "confidential" : false,
    "tags" : {
      "{urn:x-hp:2013:software:ccue:designer:descriptor-schema}tabSet" : "VIEW,EDIT"
    },
    "consumerVisible" : true,
    "displayNames" : {
      "en-US" : {
        "value" : "customizationSpec"
      }
    },
    "descriptions" : {
      "en-US" : {
        "value" : "customizationSpec property."
      }
    }
  }, {
    "name" : "vmFolder",
    "type" : "string",
    "description" : "vmFolder property.",
    "minOccurs" : 0,
    "maxOccurs" : 1,
    "mode" : "INPUT",
    "subProperties" : [ ],
    "displayName" : "vmFolder",
    "confidential" : false,
    "tags" : {
      "{urn:x-hp:2013:software:ccue:designer:descriptor-schema}unitDescription" : null,
      "{urn:x-hp:2013:software:ccue:designer:descriptor-schema}validatorId" : null,
      "{urn:x-hp:2013:software:ccue:designer:descriptor-schema}tabSet" : "VIEW,EDIT"
    },
    "consumerVisible" : true,
    "displayNames" : {
      "en-US" : {
        "value" : "vmFolder"
      }
    },
    "descriptions" : {
      "en-US" : {
        "value" : "vmFolder property."
      }
    }
  }, {
    "name" : "clusterName",
    "type" : "string",
    "description" : "clusterName property.",
    "minOccurs" : 0,
    "maxOccurs" : 1,
    "mode" : "INPUT",
    "subProperties" : [ ],
    "displayName" : "clusterName",
    "confidential" : false,
    "tags" : {
      "{urn:x-hp:2013:software:ccue:designer:descriptor-schema}unitDescription" : null,
      "{urn:x-hp:2013:software:ccue:designer:descriptor-schema}validatorId" : null,
      "{urn:x-hp:2013:software:ccue:designer:descriptor-schema}tabSet" : "VIEW,EDIT"
    },
    "consumerVisible" : true,
    "displayNames" : {
      "en-US" : {
        "value" : "clusterName"
      }
    },
    "descriptions" : {
      "en-US" : {
        "value" : "clusterName property."
      }
    }
  }, {
    "name" : "vmResourcePool",
    "type" : "string",
    "description" : "vmResourcePool property.",
    "minOccurs" : 0,
    "maxOccurs" : 1,
    "mode" : "INPUT",
    "subProperties" : [ ],
    "displayName" : "vmResourcePool",
    "confidential" : false,
    "tags" : {
      "{urn:x-hp:2013:software:ccue:designer:descriptor-schema}unitDescription" : null,
      "{urn:x-hp:2013:software:ccue:designer:descriptor-schema}validatorId" : null,
      "{urn:x-hp:2013:software:ccue:designer:descriptor-schema}tabSet" : "VIEW,EDIT"
    },
    "consumerVisible" : true,
    "displayNames" : {
      "en-US" : {
        "value" : "vmResourcePool"
      }
    },
    "descriptions" : {
      "en-US" : {
        "value" : "vmResourcePool property."
      }
    }
  }, {
    "name" : "hostSystem",
    "type" : "string",
    "description" : "hostSystem property.",
    "minOccurs" : 0,
    "maxOccurs" : 1,
    "mode" : "INPUT",
    "subProperties" : [ ],
    "displayName" : "hostSystem",
    "confidential" : false,
    "tags" : {
      "{urn:x-hp:2013:software:ccue:designer:descriptor-schema}unitDescription" : null,
      "{urn:x-hp:2013:software:ccue:designer:descriptor-schema}validatorId" : null,
      "{urn:x-hp:2013:software:ccue:designer:descriptor-schema}tabSet" : "VIEW,EDIT"
    },
    "consumerVisible" : true,
    "displayNames" : {
      "en-US" : {
        "value" : "hostSystem"
      }
    },
    "descriptions" : {
      "en-US" : {
        "value" : "hostSystem property."
      }
    }
  }, {
    "name" : "dataStore",
    "type" : "string",
    "description" : "dataStore property.",
    "minOccurs" : 0,
    "maxOccurs" : 1,
    "mode" : "INPUT",
    "subProperties" : [ ],
    "displayName" : "dataStore",
    "confidential" : false,
    "tags" : {
      "{urn:x-hp:2013:software:ccue:designer:descriptor-schema}unitDescription" : null,
      "{urn:x-hp:2013:software:ccue:designer:descriptor-schema}validatorId" : null,
      "{urn:x-hp:2013:software:ccue:designer:descriptor-schema}tabSet" : "VIEW,EDIT"
    },
    "consumerVisible" : true,
    "displayNames" : {
      "en-US" : {
        "value" : "dataStore"
      }
    },
    "descriptions" : {
      "en-US" : {
        "value" : "dataStore property."
      }
    }
  }, {
    "name" : "username",
    "type" : "string",
    "description" : "username property.",
    "minOccurs" : 0,
    "maxOccurs" : 1,
    "mode" : "INPUT",
    "subProperties" : [ ],
    "displayName" : "username",
    "confidential" : false,
    "tags" : {
      "{urn:x-hp:2013:software:ccue:designer:descriptor-schema}unitDescription" : null,
      "{urn:x-hp:2013:software:ccue:designer:descriptor-schema}validatorId" : null,
      "{urn:x-hp:2013:software:ccue:designer:descriptor-schema}tabSet" : "VIEW,EDIT"
    },
    "consumerVisible" : true,
    "displayNames" : {
      "en-US" : {
        "value" : "username"
      }
    },
    "descriptions" : {
      "en-US" : {
        "value" : "username property."
      }
    }
  }, {
    "name" : "password",
    "type" : "string",
    "description" : "password property.",
    "minOccurs" : 0,
    "maxOccurs" : 1,
    "mode" : "INPUT",
    "subProperties" : [ ],
    "displayName" : "password",
    "confidential" : true,
    "tags" : {
      "{urn:x-hp:2013:software:ccue:designer:descriptor-schema}unitDescription" : null,
      "{urn:x-hp:2013:software:ccue:designer:descriptor-schema}validatorId" : null,
      "{urn:x-hp:2013:software:ccue:designer:descriptor-schema}tabSet" : "VIEW,EDIT"
    },
    "consumerVisible" : false,
    "displayNames" : {
      "en-US" : {
        "value" : "password"
      }
    },
    "descriptions" : {
      "en-US" : {
        "value" : "password property."
      }
    }
  }, {
    "name" : "privateKey",
    "type" : "string",
    "description" : "privateKey property.",
    "minOccurs" : 0,
    "maxOccurs" : 1,
    "mode" : "INPUT",
    "subProperties" : [ ],
    "displayName" : "privateKey",
    "confidential" : true,
    "tags" : {
      "{urn:x-hp:2013:software:ccue:designer:descriptor-schema}unitDescription" : null,
      "{urn:x-hp:2013:software:ccue:designer:descriptor-schema}validatorId" : null,
      "{urn:x-hp:2013:software:ccue:designer:descriptor-schema}tabSet" : "VIEW,EDIT",
      "{urn:x-hp:2013:software:ccue:designer:descriptor-schema}widget:VIEW" : "descriptionViewer",
      "maxLength" : "4000",
      "{urn:x-hp:2013:software:ccue:designer:descriptor-schema}widget:EDIT" : "multiLineStringEditor"
    },
    "consumerVisible" : false,
    "displayNames" : {
      "en-US" : {
        "value" : "privateKey"
      }
    },
    "descriptions" : {
      "en-US" : {
        "value" : "privateKey property."
      }
    }
  }, {
    "name" : "hostname",
    "type" : "string",
    "description" : "hostname property.",
    "minOccurs" : 0,
    "maxOccurs" : 1,
    "mode" : "OUTPUT",
    "subProperties" : [ ],
    "displayName" : "hostname",
    "confidential" : false,
    "tags" : {
      "{urn:x-hp:2013:software:ccue:designer:descriptor-schema}tabSet" : "VIEW"
    },
    "consumerVisible" : true,
    "displayNames" : {
      "en-US" : {
        "value" : "hostname"
      }
    },
    "descriptions" : {
      "en-US" : {
        "value" : "hostname property."
      }
    }
  }, {
    "name" : "ipAddress",
    "type" : "string",
    "description" : "ipAddress property.",
    "minOccurs" : 0,
    "maxOccurs" : 1,
    "mode" : "OUTPUT",
    "subProperties" : [ ],
    "displayName" : "ipAddress",
    "confidential" : false,
    "tags" : {
      "{urn:x-hp:2013:software:ccue:designer:descriptor-schema}tabSet" : "VIEW"
    },
    "consumerVisible" : true,
    "displayNames" : {
      "en-US" : {
        "value" : "ipAddress"
      }
    },
    "descriptions" : {
      "en-US" : {
        "value" : "ipAddress property."
      }
    }
  }, {
    "name" : "ipAddressList",
    "type" : "string",
    "description" : "ipAddressList property.",
    "minOccurs" : 0,
    "maxOccurs" : 1,
    "mode" : "OUTPUT",
    "subProperties" : [ ],
    "displayName" : "ipAddressList",
    "confidential" : false,
    "tags" : {
      "{urn:x-hp:2013:software:ccue:designer:descriptor-schema}tabSet" : "VIEW"
    },
    "consumerVisible" : true,
    "displayNames" : {
      "en-US" : {
        "value" : "ipAddressList"
      }
    },
    "descriptions" : {
      "en-US" : {
        "value" : "ipAddressList property."
      }
    }
  }, {
    "name" : "macAddress",
    "type" : "string",
    "description" : "macAddress property.",
    "minOccurs" : 0,
    "maxOccurs" : 1,
    "mode" : "OUTPUT",
    "subProperties" : [ ],
    "displayName" : "macAddress",
    "confidential" : false,
    "tags" : {
      "{urn:x-hp:2013:software:ccue:designer:descriptor-schema}tabSet" : "VIEW"
    },
    "consumerVisible" : true,
    "displayNames" : {
      "en-US" : {
        "value" : "macAddress"
      }
    },
    "descriptions" : {
      "en-US" : {
        "value" : "macAddress property."
      }
    }
  } ],
  "displayName" : "vCenter Server",
  "capabilities" : [ {
    "typeRef" : {
      "artifactId" : "Server",
      "groupId" : "com.hp.csa.type",
      "version" : "1"
    },
    "propertyMapping" : {
      "privateKey" : "privateKey",
      "hostname" : "hostname",
      "password" : "password",
      "instanceId" : "vmID",
      "ipAddress" : "ipAddress",
      "username" : "username"
    },
    "capabilityCharacteristics" : [ ]
  } ],
  "characteristics" : [ ],
  "tagIds" : [ ],
  "revision" : 0,
  "resourceType" : "SERVER",
  "tags" : {
    "designer.name.uri" : "com.hp.csa.type",
    "origin" : "ootb:VMWARE_VCENTER",
    "designer.name.localPart" : "VcenterServerType__VERSION__15.07.0000__GROUPID__com.hp.csa.type",
    "iconUrl" : "pluginResources/topology/icons/SERVER.svg"
  },
  "final" : false,
  "displayNames" : {
    "en-US" : {
      "value" : "vCenter Server"
    }
  },
  "descriptions" : {
    "en-US" : {
      "value" : "vCenter Server"
    }
  }
}