{
  "@type" : "ComponentTemplate",
  "id" : "b2fa65d3-ecd5-42ed-8829-eda93f43d90e",
  "artifactId" : "PetClinicApplicationType",
  "groupId" : "com.hp.csa.template",
  "version" : "1.50.0000",
  "displayName" : "PetClinic Application",
  "description" : "PetClinic Application",
  "implementedTypes" : [ {
    "componentId" : {
      "artifactId" : "PetClinicApplicationType",
      "groupId" : "com.hp.csa.type",
      "version" : "1.50.0000"
    },
    "constraints" : { }
  } ],
  "actions" : [ {
    "actionDescriptor" : {
      "name" : "Modify_PetClinicApp",
      "displayName" : "Modify PetClinicApp",
      "description" : "Modify PetClinicApp",
      "inputParameters" : [ {
        "name" : "localfilepath",
        "displayName" : "localfilepath",
        "description" : "localfilepath",
        "required" : true,
        "confidential" : false,
        "displayNames" : {
          "en-US" : {
            "value" : "localfilepath"
          }
        },
        "descriptions" : {
          "en-US" : {
            "value" : "localfilepath"
          }
        },
        "type" : "string"
      }, {
        "name" : "artifacturl",
        "displayName" : "artifacturl",
        "description" : "artifacturl",
        "required" : true,
        "confidential" : false,
        "displayNames" : {
          "en-US" : {
            "value" : "artifacturl"
          }
        },
        "descriptions" : {
          "en-US" : {
            "value" : "artifacturl"
          }
        },
        "type" : "string"
      }, {
        "name" : "artifactusername",
        "displayName" : "artifactusername",
        "description" : "artifactusername",
        "required" : false,
        "confidential" : false,
        "displayNames" : {
          "en-US" : {
            "value" : "artifactusername"
          }
        },
        "descriptions" : {
          "en-US" : {
            "value" : "artifactusername"
          }
        },
        "type" : "string"
      }, {
        "name" : "artifactpassword",
        "displayName" : "artifactpassword",
        "description" : "artifactpassword",
        "required" : false,
        "confidential" : true,
        "displayNames" : {
          "en-US" : {
            "value" : "artifactpassword"
          }
        },
        "descriptions" : {
          "en-US" : {
            "value" : "artifactpassword"
          }
        },
        "type" : "string"
      }, {
        "name" : "port",
        "displayName" : "port",
        "description" : "port",
        "required" : false,
        "confidential" : false,
        "displayNames" : {
          "en-US" : {
            "value" : "port"
          }
        },
        "descriptions" : {
          "en-US" : {
            "value" : "port"
          }
        },
        "type" : "string"
      }, {
        "name" : "remotefilepath",
        "displayName" : "remotefilepath",
        "description" : "remotefilepath",
        "required" : false,
        "confidential" : false,
        "displayNames" : {
          "en-US" : {
            "value" : "remotefilepath"
          }
        },
        "descriptions" : {
          "en-US" : {
            "value" : "remotefilepath"
          }
        },
        "type" : "string"
      }, {
        "name" : "servicecommand",
        "displayName" : "servicecommand",
        "description" : "servicecommand",
        "required" : false,
        "confidential" : false,
        "displayNames" : {
          "en-US" : {
            "value" : "servicecommand"
          }
        },
        "descriptions" : {
          "en-US" : {
            "value" : "servicecommand"
          }
        },
        "type" : "string"
      }, {
        "name" : "dbhostname",
        "displayName" : "dbhostname",
        "description" : "dbhostname",
        "required" : false,
        "confidential" : false,
        "displayNames" : {
          "en-US" : {
            "value" : "dbhostname"
          }
        },
        "descriptions" : {
          "en-US" : {
            "value" : "dbhostname"
          }
        },
        "type" : "string"
      }, {
        "name" : "dbusername",
        "displayName" : "dbusername",
        "description" : "dbusername",
        "required" : false,
        "confidential" : false,
        "displayNames" : {
          "en-US" : {
            "value" : "dbusername"
          }
        },
        "descriptions" : {
          "en-US" : {
            "value" : "dbusername"
          }
        },
        "type" : "string"
      }, {
        "name" : "dbpassword",
        "displayName" : "dbpassword",
        "description" : "dbpassword",
        "required" : false,
        "confidential" : true,
        "displayNames" : {
          "en-US" : {
            "value" : "dbpassword"
          }
        },
        "descriptions" : {
          "en-US" : {
            "value" : "dbpassword"
          }
        },
        "type" : "string"
      }, {
        "name" : "apphostname",
        "displayName" : "apphostname",
        "description" : "apphostname",
        "required" : true,
        "confidential" : false,
        "displayNames" : {
          "en-US" : {
            "value" : "apphostname"
          }
        },
        "descriptions" : {
          "en-US" : {
            "value" : "apphostname"
          }
        },
        "type" : "string"
      }, {
        "name" : "hostusername",
        "displayName" : "hostusername",
        "description" : "hostusername",
        "required" : true,
        "confidential" : false,
        "displayNames" : {
          "en-US" : {
            "value" : "hostusername"
          }
        },
        "descriptions" : {
          "en-US" : {
            "value" : "hostusername"
          }
        },
        "type" : "string"
      }, {
        "name" : "hostpassword",
        "displayName" : "hostpassword",
        "description" : "hostpassword",
        "required" : true,
        "confidential" : true,
        "displayNames" : {
          "en-US" : {
            "value" : "hostpassword"
          }
        },
        "descriptions" : {
          "en-US" : {
            "value" : "hostpassword"
          }
        },
        "type" : "string"
      }, {
        "name" : "privatekeyPath",
        "displayName" : "privatekeyPath",
        "description" : "privatekeyPath",
        "required" : false,
        "confidential" : false,
        "displayNames" : {
          "en-US" : {
            "value" : "privatekeyPath"
          }
        },
        "descriptions" : {
          "en-US" : {
            "value" : "privatekeyPath"
          }
        },
        "type" : "string"
      }, {
        "name" : "configurationurl",
        "displayName" : "configurationurl",
        "description" : "configurationurl",
        "required" : false,
        "confidential" : false,
        "displayNames" : {
          "en-US" : {
            "value" : "configurationurl"
          }
        },
        "descriptions" : {
          "en-US" : {
            "value" : "configurationurl"
          }
        },
        "type" : "string"
      }, {
        "name" : "tomcathome",
        "displayName" : "tomcathome",
        "description" : "tomcathome",
        "required" : true,
        "confidential" : false,
        "displayNames" : {
          "en-US" : {
            "value" : "tomcathome"
          }
        },
        "descriptions" : {
          "en-US" : {
            "value" : "tomcathome"
          }
        },
        "type" : "string"
      }, {
        "name" : "mysqlusername",
        "displayName" : "mysqlusername",
        "description" : "mysqlusername",
        "required" : false,
        "confidential" : false,
        "displayNames" : {
          "en-US" : {
            "value" : "mysqlusername"
          }
        },
        "descriptions" : {
          "en-US" : {
            "value" : "mysqlusername"
          }
        },
        "type" : "string"
      }, {
        "name" : "mysqlpassword",
        "displayName" : "mysqlpassword",
        "description" : "mysqlpassword",
        "required" : false,
        "confidential" : true,
        "displayNames" : {
          "en-US" : {
            "value" : "mysqlpassword"
          }
        },
        "descriptions" : {
          "en-US" : {
            "value" : "mysqlpassword"
          }
        },
        "type" : "string"
      }, {
        "name" : "prev_artifacturl",
        "displayName" : "prev_artifacturl",
        "description" : "prev_artifacturl",
        "required" : false,
        "confidential" : false,
        "displayNames" : {
          "en-US" : {
            "value" : "prev_artifacturl"
          }
        },
        "descriptions" : {
          "en-US" : {
            "value" : "prev_artifacturl"
          }
        },
        "type" : "string"
      }, {
        "name" : "prev_configurationurl",
        "displayName" : "prev_configurationurl",
        "description" : "prev_configurationurl",
        "required" : false,
        "confidential" : false,
        "displayNames" : {
          "en-US" : {
            "value" : "prev_configurationurl"
          }
        },
        "descriptions" : {
          "en-US" : {
            "value" : "prev_configurationurl"
          }
        },
        "type" : "string"
      } ],
      "outputParameters" : [ {
        "name" : "artifacturl",
        "displayName" : "artifacturl",
        "description" : "artifacturl",
        "required" : true,
        "confidential" : false,
        "displayNames" : {
          "en-US" : {
            "value" : "artifacturl"
          }
        },
        "descriptions" : {
          "en-US" : {
            "value" : "artifacturl"
          }
        },
        "type" : "string"
      }, {
        "name" : "configurationurl",
        "displayName" : "configurationurl",
        "description" : "configurationurl",
        "required" : true,
        "confidential" : false,
        "displayNames" : {
          "en-US" : {
            "value" : "configurationurl"
          }
        },
        "descriptions" : {
          "en-US" : {
            "value" : "configurationurl"
          }
        },
        "type" : "string"
      }, {
        "name" : "modifyReturnValue",
        "displayName" : "modifyReturnValue",
        "description" : "modifyReturnValue",
        "required" : true,
        "confidential" : false,
        "displayNames" : {
          "en-US" : {
            "value" : "modifyReturnValue"
          }
        },
        "descriptions" : {
          "en-US" : {
            "value" : "modifyReturnValue"
          }
        },
        "type" : "string"
      }, {
        "name" : "response",
        "displayName" : "response",
        "description" : "response",
        "required" : true,
        "confidential" : false,
        "displayNames" : {
          "en-US" : {
            "value" : "response"
          }
        },
        "descriptions" : {
          "en-US" : {
            "value" : "response"
          }
        },
        "type" : "string"
      } ],
      "lifecycleAction" : "Modify",
      "final" : false,
      "visible" : false,
      "displayNames" : {
        "en-US" : {
          "value" : "Modify PetClinicApp"
        }
      },
      "descriptions" : {
        "en-US" : {
          "value" : "Modify PetClinicApp"
        }
      }
    },
    "processEngineDescriptors" : [ {
      "processEngineId" : "HP_OO",
      "mapping" : {
        "input" : {
          "configurationurl" : "@PROPERTY:configurationurl",
          "hostusername" : "@PROPERTY:hostedOn_PetClinicApplicationType__VERSION__1^50^0000__GROUPID__com^hp^csa^type.username",
          "mysqlusername" : "@PROPERTY:dbDetails_PetClinicApplicationType__VERSION__1^50^0000__GROUPID__com^hp^csa^type.mysqlusername",
          "localfilepath" : "@PROPERTY:localfilepath",
          "prev_artifacturl" : "@PROPERTY:prev_artifacturl",
          "mysqlpassword" : "@PROPERTY:dbDetails_PetClinicApplicationType__VERSION__1^50^0000__GROUPID__com^hp^csa^type.mysqlpassword",
          "apphostname" : "@PROPERTY:hostedOn_PetClinicApplicationType__VERSION__1^50^0000__GROUPID__com^hp^csa^type.hostname",
          "artifactusername" : "@PROPERTY:artifactusername",
          "prev_configurationurl" : "@PROPERTY:prev_configurationurl",
          "artifactpassword" : "@PROPERTY:artifactpassword",
          "dbhostname" : "@PROPERTY:dbDetails_PetClinicApplicationType__VERSION__1^50^0000__GROUPID__com^hp^csa^type.hostname",
          "dbpassword" : "@PROPERTY:dbDetails_PetClinicApplicationType__VERSION__1^50^0000__GROUPID__com^hp^csa^type.password",
          "port" : "@PROPERTY:port",
          "tomcathome" : "@PROPERTY:hostedOn_PetClinicApplicationType__VERSION__1^50^0000__GROUPID__com^hp^csa^type.installPath",
          "artifacturl" : "@PROPERTY:artifacturl",
          "dbusername" : "@PROPERTY:dbDetails_PetClinicApplicationType__VERSION__1^50^0000__GROUPID__com^hp^csa^type.username",
          "privatekeyPath" : "@PROPERTY:privatekeyPath",
          "remotefilepath" : "@PROPERTY:remotefilepath",
          "servicecommand" : "@PROPERTY:servicecommand",
          "hostpassword" : "@PROPERTY:hostedOn_PetClinicApplicationType__VERSION__1^50^0000__GROUPID__com^hp^csa^type.password"
        },
        "output" : {
          "configurationurl" : "@PROPERTY:configurationurl",
          "modifyReturnValue" : "@PROPERTY:modifyReturnValue",
          "response" : "@PROPERTY:response",
          "artifacturl" : "@PROPERTY:artifacturl"
        }
      },
      "executableId" : "865319d0-f3b3-4524-a550-835c7e19e931"
    } ]
  }, {
    "actionDescriptor" : {
      "name" : "ModifyFailureHandler_PetClinicApp",
      "displayName" : "ModifyFailureHandler PetClinicApp",
      "description" : "ModifyFailureHandler PetClinicApp",
      "inputParameters" : [ {
        "name" : "artifactusername",
        "displayName" : "artifactusername",
        "description" : "artifactusername",
        "required" : false,
        "confidential" : false,
        "displayNames" : {
          "en-US" : {
            "value" : "artifactusername"
          }
        },
        "descriptions" : {
          "en-US" : {
            "value" : "artifactusername"
          }
        },
        "type" : "string"
      }, {
        "name" : "artifactpassword",
        "displayName" : "artifactpassword",
        "description" : "artifactpassword",
        "required" : false,
        "confidential" : true,
        "displayNames" : {
          "en-US" : {
            "value" : "artifactpassword"
          }
        },
        "descriptions" : {
          "en-US" : {
            "value" : "artifactpassword"
          }
        },
        "type" : "string"
      }, {
        "name" : "port",
        "displayName" : "port",
        "description" : "port",
        "required" : false,
        "confidential" : false,
        "displayNames" : {
          "en-US" : {
            "value" : "port"
          }
        },
        "descriptions" : {
          "en-US" : {
            "value" : "port"
          }
        },
        "type" : "string"
      }, {
        "name" : "remotefilepath",
        "displayName" : "remotefilepath",
        "description" : "remotefilepath",
        "required" : true,
        "confidential" : false,
        "displayNames" : {
          "en-US" : {
            "value" : "remotefilepath"
          }
        },
        "descriptions" : {
          "en-US" : {
            "value" : "remotefilepath"
          }
        },
        "type" : "string"
      }, {
        "name" : "servicecommand",
        "displayName" : "servicecommand",
        "description" : "servicecommand",
        "required" : true,
        "confidential" : false,
        "displayNames" : {
          "en-US" : {
            "value" : "servicecommand"
          }
        },
        "descriptions" : {
          "en-US" : {
            "value" : "servicecommand"
          }
        },
        "type" : "string"
      }, {
        "name" : "dbhostname",
        "displayName" : "dbhostname",
        "description" : "dbhostname",
        "required" : false,
        "confidential" : false,
        "displayNames" : {
          "en-US" : {
            "value" : "dbhostname"
          }
        },
        "descriptions" : {
          "en-US" : {
            "value" : "dbhostname"
          }
        },
        "type" : "string"
      }, {
        "name" : "dbusername",
        "displayName" : "dbusername",
        "description" : "dbusername",
        "required" : false,
        "confidential" : false,
        "displayNames" : {
          "en-US" : {
            "value" : "dbusername"
          }
        },
        "descriptions" : {
          "en-US" : {
            "value" : "dbusername"
          }
        },
        "type" : "string"
      }, {
        "name" : "dbpassword",
        "displayName" : "dbpassword",
        "description" : "dbpassword",
        "required" : false,
        "confidential" : true,
        "displayNames" : {
          "en-US" : {
            "value" : "dbpassword"
          }
        },
        "descriptions" : {
          "en-US" : {
            "value" : "dbpassword"
          }
        },
        "type" : "string"
      }, {
        "name" : "apphostname",
        "displayName" : "apphostname",
        "description" : "apphostname",
        "required" : true,
        "confidential" : false,
        "displayNames" : {
          "en-US" : {
            "value" : "apphostname"
          }
        },
        "descriptions" : {
          "en-US" : {
            "value" : "apphostname"
          }
        },
        "type" : "string"
      }, {
        "name" : "hostusername",
        "displayName" : "hostusername",
        "description" : "hostusername",
        "required" : true,
        "confidential" : false,
        "displayNames" : {
          "en-US" : {
            "value" : "hostusername"
          }
        },
        "descriptions" : {
          "en-US" : {
            "value" : "hostusername"
          }
        },
        "type" : "string"
      }, {
        "name" : "hostpassword",
        "displayName" : "hostpassword",
        "description" : "hostpassword",
        "required" : true,
        "confidential" : true,
        "displayNames" : {
          "en-US" : {
            "value" : "hostpassword"
          }
        },
        "descriptions" : {
          "en-US" : {
            "value" : "hostpassword"
          }
        },
        "type" : "string"
      }, {
        "name" : "privatekeyPath",
        "displayName" : "privatekeyPath",
        "description" : "privatekeyPath",
        "required" : false,
        "confidential" : false,
        "displayNames" : {
          "en-US" : {
            "value" : "privatekeyPath"
          }
        },
        "descriptions" : {
          "en-US" : {
            "value" : "privatekeyPath"
          }
        },
        "type" : "string"
      }, {
        "name" : "artifacturl",
        "displayName" : "artifacturl",
        "description" : "artifacturl",
        "required" : false,
        "confidential" : false,
        "displayNames" : {
          "en-US" : {
            "value" : "artifacturl"
          }
        },
        "descriptions" : {
          "en-US" : {
            "value" : "artifacturl"
          }
        },
        "type" : "string"
      }, {
        "name" : "prev_artifacturl",
        "displayName" : "prev_artifacturl",
        "description" : "prev_artifacturl",
        "required" : false,
        "confidential" : false,
        "displayNames" : {
          "en-US" : {
            "value" : "prev_artifacturl"
          }
        },
        "descriptions" : {
          "en-US" : {
            "value" : "prev_artifacturl"
          }
        },
        "type" : "string"
      }, {
        "name" : "configurationurl",
        "displayName" : "configurationurl",
        "description" : "configurationurl",
        "required" : false,
        "confidential" : false,
        "displayNames" : {
          "en-US" : {
            "value" : "configurationurl"
          }
        },
        "descriptions" : {
          "en-US" : {
            "value" : "configurationurl"
          }
        },
        "type" : "string"
      }, {
        "name" : "prev_configurationurl",
        "displayName" : "prev_configurationurl",
        "description" : "prev_configurationurl",
        "required" : false,
        "confidential" : false,
        "displayNames" : {
          "en-US" : {
            "value" : "prev_configurationurl"
          }
        },
        "descriptions" : {
          "en-US" : {
            "value" : "prev_configurationurl"
          }
        },
        "type" : "string"
      }, {
        "name" : "modifyFailureValue",
        "displayName" : "modifyFailureValue",
        "description" : "modifyFailureValue",
        "required" : false,
        "confidential" : false,
        "displayNames" : {
          "en-US" : {
            "value" : "modifyFailureValue"
          }
        },
        "descriptions" : {
          "en-US" : {
            "value" : "modifyFailureValue"
          }
        },
        "type" : "string"
      }, {
        "name" : "tomcathome",
        "displayName" : "tomcathome",
        "description" : "tomcathome",
        "required" : true,
        "confidential" : false,
        "displayNames" : {
          "en-US" : {
            "value" : "tomcathome"
          }
        },
        "descriptions" : {
          "en-US" : {
            "value" : "tomcathome"
          }
        },
        "type" : "string"
      }, {
        "name" : "mysqlusername",
        "displayName" : "mysqlusername",
        "description" : "mysqlusername",
        "required" : false,
        "confidential" : false,
        "displayNames" : {
          "en-US" : {
            "value" : "mysqlusername"
          }
        },
        "descriptions" : {
          "en-US" : {
            "value" : "mysqlusername"
          }
        },
        "type" : "string"
      }, {
        "name" : "mysqlpassword",
        "displayName" : "mysqlpassword",
        "description" : "mysqlpassword",
        "required" : false,
        "confidential" : true,
        "displayNames" : {
          "en-US" : {
            "value" : "mysqlpassword"
          }
        },
        "descriptions" : {
          "en-US" : {
            "value" : "mysqlpassword"
          }
        },
        "type" : "string"
      } ],
      "outputParameters" : [ {
        "name" : "artifacturl",
        "displayName" : "artifacturl",
        "description" : "artifacturl",
        "required" : true,
        "confidential" : false,
        "displayNames" : {
          "en-US" : {
            "value" : "artifacturl"
          }
        },
        "descriptions" : {
          "en-US" : {
            "value" : "artifacturl"
          }
        },
        "type" : "string"
      }, {
        "name" : "configurationurl",
        "displayName" : "configurationurl",
        "description" : "configurationurl",
        "required" : true,
        "confidential" : false,
        "displayNames" : {
          "en-US" : {
            "value" : "configurationurl"
          }
        },
        "descriptions" : {
          "en-US" : {
            "value" : "configurationurl"
          }
        },
        "type" : "string"
      }, {
        "name" : "response",
        "displayName" : "response",
        "description" : "response",
        "required" : true,
        "confidential" : false,
        "displayNames" : {
          "en-US" : {
            "value" : "response"
          }
        },
        "descriptions" : {
          "en-US" : {
            "value" : "response"
          }
        },
        "type" : "string"
      }, {
        "name" : "result",
        "displayName" : "result",
        "description" : "result",
        "required" : true,
        "confidential" : false,
        "displayNames" : {
          "en-US" : {
            "value" : "result"
          }
        },
        "descriptions" : {
          "en-US" : {
            "value" : "result"
          }
        },
        "type" : "string"
      } ],
      "lifecycleAction" : "ModifyFailureHandler",
      "final" : false,
      "visible" : false,
      "displayNames" : {
        "en-US" : {
          "value" : "ModifyFailureHandler PetClinicApp"
        }
      },
      "descriptions" : {
        "en-US" : {
          "value" : "ModifyFailureHandler PetClinicApp"
        }
      }
    },
    "processEngineDescriptors" : [ {
      "processEngineId" : "HP_OO",
      "mapping" : {
        "input" : {
          "configurationurl" : "@PROPERTY:configurationurl",
          "hostusername" : "@PROPERTY:hostedOn_PetClinicApplicationType__VERSION__1^50^0000__GROUPID__com^hp^csa^type.username",
          "mysqlusername" : "@PROPERTY:dbDetails_PetClinicApplicationType__VERSION__1^50^0000__GROUPID__com^hp^csa^type.mysqlusername",
          "prev_artifacturl" : "@PROPERTY:prev_artifacturl",
          "mysqlpassword" : "@PROPERTY:dbDetails_PetClinicApplicationType__VERSION__1^50^0000__GROUPID__com^hp^csa^type.mysqlpassword",
          "apphostname" : "@PROPERTY:hostedOn_PetClinicApplicationType__VERSION__1^50^0000__GROUPID__com^hp^csa^type.hostname",
          "artifactusername" : "@PROPERTY:artifactusername",
          "prev_configurationurl" : "@PROPERTY:prev_configurationurl",
          "artifactpassword" : "@PROPERTY:artifactpassword",
          "dbhostname" : "@PROPERTY:dbDetails_PetClinicApplicationType__VERSION__1^50^0000__GROUPID__com^hp^csa^type.hostname",
          "dbpassword" : "@PROPERTY:dbDetails_PetClinicApplicationType__VERSION__1^50^0000__GROUPID__com^hp^csa^type.password",
          "port" : "@PROPERTY:port",
          "tomcathome" : "@PROPERTY:hostedOn_PetClinicApplicationType__VERSION__1^50^0000__GROUPID__com^hp^csa^type.installPath",
          "modifyFailureValue" : "@PROPERTY:modifyReturnValue",
          "artifacturl" : "@PROPERTY:artifacturl",
          "dbusername" : "@PROPERTY:dbDetails_PetClinicApplicationType__VERSION__1^50^0000__GROUPID__com^hp^csa^type.username",
          "privatekeyPath" : "@PROPERTY:privatekeyPath",
          "remotefilepath" : "@PROPERTY:remotefilepath",
          "servicecommand" : "@PROPERTY:servicecommand",
          "hostpassword" : "@PROPERTY:hostedOn_PetClinicApplicationType__VERSION__1^50^0000__GROUPID__com^hp^csa^type.password"
        },
        "output" : {
          "configurationurl" : "@PROPERTY:configurationurl",
          "result" : "@PROPERTY:result",
          "response" : "@PROPERTY:response",
          "artifacturl" : "@PROPERTY:artifacturl"
        }
      },
      "executableId" : "3e92f034-820d-475a-9bec-e5e6f83fcb50"
    } ]
  }, {
    "actionDescriptor" : {
      "name" : "Undeploy_PetClinicApp",
      "displayName" : "Undeploy PetClinicApp",
      "description" : "Undeploy PetClinicApp",
      "inputParameters" : [ ],
      "outputParameters" : [ {
        "name" : "response",
        "displayName" : "response",
        "description" : "response",
        "required" : true,
        "confidential" : false,
        "displayNames" : {
          "en-US" : {
            "value" : "response"
          }
        },
        "descriptions" : {
          "en-US" : {
            "value" : "response"
          }
        },
        "type" : "string"
      } ],
      "lifecycleAction" : "Undeploy",
      "final" : false,
      "visible" : false,
      "displayNames" : {
        "en-US" : {
          "value" : "Undeploy PetClinicApp"
        }
      },
      "descriptions" : {
        "en-US" : {
          "value" : "Undeploy PetClinicApp"
        }
      }
    },
    "processEngineDescriptors" : [ {
      "processEngineId" : "HP_OO",
      "mapping" : {
        "input" : { },
        "output" : {
          "response" : "@PROPERTY:response"
        }
      },
      "executableId" : "471e8567-7aa5-483a-af6d-e12999f17899"
    } ]
  }, {
    "actionDescriptor" : {
      "name" : "Deploy_PetClinicApp",
      "displayName" : "Deploy PetClinicApp",
      "description" : "Deploy PetClinicApp",
      "inputParameters" : [ {
        "name" : "localfilepath",
        "displayName" : "localfilepath",
        "description" : "localfilepath",
        "required" : true,
        "confidential" : false,
        "displayNames" : {
          "en-US" : {
            "value" : "localfilepath"
          }
        },
        "descriptions" : {
          "en-US" : {
            "value" : "localfilepath"
          }
        },
        "type" : "string"
      }, {
        "name" : "artifacturl",
        "displayName" : "artifacturl",
        "description" : "artifacturl",
        "required" : true,
        "confidential" : false,
        "displayNames" : {
          "en-US" : {
            "value" : "artifacturl"
          }
        },
        "descriptions" : {
          "en-US" : {
            "value" : "artifacturl"
          }
        },
        "type" : "string"
      }, {
        "name" : "artifactusername",
        "displayName" : "artifactusername",
        "description" : "artifactusername",
        "required" : false,
        "confidential" : false,
        "displayNames" : {
          "en-US" : {
            "value" : "artifactusername"
          }
        },
        "descriptions" : {
          "en-US" : {
            "value" : "artifactusername"
          }
        },
        "type" : "string"
      }, {
        "name" : "artifactpassword",
        "displayName" : "artifactpassword",
        "description" : "artifactpassword",
        "required" : false,
        "confidential" : true,
        "displayNames" : {
          "en-US" : {
            "value" : "artifactpassword"
          }
        },
        "descriptions" : {
          "en-US" : {
            "value" : "artifactpassword"
          }
        },
        "type" : "string"
      }, {
        "name" : "port",
        "displayName" : "port",
        "description" : "port",
        "required" : true,
        "confidential" : false,
        "displayNames" : {
          "en-US" : {
            "value" : "port"
          }
        },
        "descriptions" : {
          "en-US" : {
            "value" : "port"
          }
        },
        "type" : "string"
      }, {
        "name" : "remotefilepath",
        "displayName" : "remotefilepath",
        "description" : "remotefilepath",
        "required" : true,
        "confidential" : false,
        "displayNames" : {
          "en-US" : {
            "value" : "remotefilepath"
          }
        },
        "descriptions" : {
          "en-US" : {
            "value" : "remotefilepath"
          }
        },
        "type" : "string"
      }, {
        "name" : "servicecommand",
        "displayName" : "servicecommand",
        "description" : "servicecommand",
        "required" : true,
        "confidential" : false,
        "displayNames" : {
          "en-US" : {
            "value" : "servicecommand"
          }
        },
        "descriptions" : {
          "en-US" : {
            "value" : "servicecommand"
          }
        },
        "type" : "string"
      }, {
        "name" : "dbhostname",
        "displayName" : "dbhostname",
        "description" : "dbhostname",
        "required" : true,
        "confidential" : false,
        "displayNames" : {
          "en-US" : {
            "value" : "dbhostname"
          }
        },
        "descriptions" : {
          "en-US" : {
            "value" : "dbhostname"
          }
        },
        "type" : "string"
      }, {
        "name" : "dbusername",
        "displayName" : "dbusername",
        "description" : "dbusername",
        "required" : true,
        "confidential" : false,
        "displayNames" : {
          "en-US" : {
            "value" : "dbusername"
          }
        },
        "descriptions" : {
          "en-US" : {
            "value" : "dbusername"
          }
        },
        "type" : "string"
      }, {
        "name" : "dbpassword",
        "displayName" : "dbpassword",
        "description" : "dbpassword",
        "required" : true,
        "confidential" : true,
        "displayNames" : {
          "en-US" : {
            "value" : "dbpassword"
          }
        },
        "descriptions" : {
          "en-US" : {
            "value" : "dbpassword"
          }
        },
        "type" : "string"
      }, {
        "name" : "apphostname",
        "displayName" : "apphostname",
        "description" : "apphostname",
        "required" : true,
        "confidential" : false,
        "displayNames" : {
          "en-US" : {
            "value" : "apphostname"
          }
        },
        "descriptions" : {
          "en-US" : {
            "value" : "apphostname"
          }
        },
        "type" : "string"
      }, {
        "name" : "hostusername",
        "displayName" : "hostusername",
        "description" : "hostusername",
        "required" : true,
        "confidential" : false,
        "displayNames" : {
          "en-US" : {
            "value" : "hostusername"
          }
        },
        "descriptions" : {
          "en-US" : {
            "value" : "hostusername"
          }
        },
        "type" : "string"
      }, {
        "name" : "hostpassword",
        "displayName" : "hostpassword",
        "description" : "hostpassword",
        "required" : true,
        "confidential" : true,
        "displayNames" : {
          "en-US" : {
            "value" : "hostpassword"
          }
        },
        "descriptions" : {
          "en-US" : {
            "value" : "hostpassword"
          }
        },
        "type" : "string"
      }, {
        "name" : "privatekeyPath",
        "displayName" : "privatekeyPath",
        "description" : "privatekeyPath",
        "required" : false,
        "confidential" : false,
        "displayNames" : {
          "en-US" : {
            "value" : "privatekeyPath"
          }
        },
        "descriptions" : {
          "en-US" : {
            "value" : "privatekeyPath"
          }
        },
        "type" : "string"
      }, {
        "name" : "configurationurl",
        "displayName" : "configurationurl",
        "description" : "configurationurl",
        "required" : true,
        "confidential" : false,
        "displayNames" : {
          "en-US" : {
            "value" : "configurationurl"
          }
        },
        "descriptions" : {
          "en-US" : {
            "value" : "configurationurl"
          }
        },
        "type" : "string"
      }, {
        "name" : "tomcathome",
        "displayName" : "tomcathome",
        "description" : "tomcathome",
        "required" : true,
        "confidential" : false,
        "displayNames" : {
          "en-US" : {
            "value" : "tomcathome"
          }
        },
        "descriptions" : {
          "en-US" : {
            "value" : "tomcathome"
          }
        },
        "type" : "string"
      }, {
        "name" : "mysqlusername",
        "displayName" : "mysqlusername",
        "description" : "mysqlusername",
        "required" : true,
        "confidential" : false,
        "displayNames" : {
          "en-US" : {
            "value" : "mysqlusername"
          }
        },
        "descriptions" : {
          "en-US" : {
            "value" : "mysqlusername"
          }
        },
        "type" : "string"
      }, {
        "name" : "mysqlpassword",
        "displayName" : "mysqlpassword",
        "description" : "mysqlpassword",
        "required" : true,
        "confidential" : true,
        "displayNames" : {
          "en-US" : {
            "value" : "mysqlpassword"
          }
        },
        "descriptions" : {
          "en-US" : {
            "value" : "mysqlpassword"
          }
        },
        "type" : "string"
      } ],
      "outputParameters" : [ {
        "name" : "apphostname",
        "displayName" : "apphostname",
        "description" : "apphostname",
        "required" : true,
        "confidential" : false,
        "displayNames" : {
          "en-US" : {
            "value" : "apphostname"
          }
        },
        "descriptions" : {
          "en-US" : {
            "value" : "apphostname"
          }
        },
        "type" : "string"
      }, {
        "name" : "response",
        "displayName" : "response",
        "description" : "response",
        "required" : true,
        "confidential" : false,
        "displayNames" : {
          "en-US" : {
            "value" : "response"
          }
        },
        "descriptions" : {
          "en-US" : {
            "value" : "response"
          }
        },
        "type" : "string"
      } ],
      "lifecycleAction" : "Deploy",
      "final" : false,
      "visible" : false,
      "displayNames" : {
        "en-US" : {
          "value" : "Deploy PetClinicApp"
        }
      },
      "descriptions" : {
        "en-US" : {
          "value" : "Deploy PetClinicApp"
        }
      }
    },
    "processEngineDescriptors" : [ {
      "processEngineId" : "HP_OO",
      "mapping" : {
        "input" : {
          "configurationurl" : "@PROPERTY:configurationurl",
          "hostusername" : "@PROPERTY:hostedOn_PetClinicApplicationType__VERSION__1^50^0000__GROUPID__com^hp^csa^type.username",
          "mysqlusername" : "@PROPERTY:dbDetails_PetClinicApplicationType__VERSION__1^50^0000__GROUPID__com^hp^csa^type.mysqlusername",
          "localfilepath" : "@PROPERTY:localfilepath",
          "mysqlpassword" : "@PROPERTY:dbDetails_PetClinicApplicationType__VERSION__1^50^0000__GROUPID__com^hp^csa^type.mysqlpassword",
          "apphostname" : "@PROPERTY:hostedOn_PetClinicApplicationType__VERSION__1^50^0000__GROUPID__com^hp^csa^type.hostname",
          "artifactusername" : "@PROPERTY:artifactusername",
          "artifactpassword" : "@PROPERTY:artifactpassword",
          "dbhostname" : "@PROPERTY:dbDetails_PetClinicApplicationType__VERSION__1^50^0000__GROUPID__com^hp^csa^type.hostname",
          "dbpassword" : "@PROPERTY:dbDetails_PetClinicApplicationType__VERSION__1^50^0000__GROUPID__com^hp^csa^type.password",
          "port" : "@PROPERTY:port",
          "tomcathome" : "@PROPERTY:hostedOn_PetClinicApplicationType__VERSION__1^50^0000__GROUPID__com^hp^csa^type.installPath",
          "artifacturl" : "@PROPERTY:artifacturl",
          "dbusername" : "@PROPERTY:dbDetails_PetClinicApplicationType__VERSION__1^50^0000__GROUPID__com^hp^csa^type.username",
          "privatekeyPath" : "@PROPERTY:privatekeyPath",
          "remotefilepath" : "@PROPERTY:remotefilepath",
          "servicecommand" : "@PROPERTY:servicecommand",
          "hostpassword" : "@PROPERTY:hostedOn_PetClinicApplicationType__VERSION__1^50^0000__GROUPID__com^hp^csa^type.password"
        },
        "output" : {
          "response" : "@PROPERTY:response",
          "apphostname" : "@PROPERTY:apphostname"
        }
      },
      "executableId" : "d2f30c4b-15ae-405d-98f3-a29b66218242"
    } ]
  }, {
    "actionDescriptor" : {
      "name" : "Unmodify_PetClinicApp",
      "displayName" : "Unmodify PetClinicApp",
      "description" : "Unmodify PetClinicApp",
      "inputParameters" : [ {
        "name" : "artifactusername",
        "displayName" : "artifactusername",
        "description" : "artifactusername",
        "required" : false,
        "confidential" : false,
        "displayNames" : {
          "en-US" : {
            "value" : "artifactusername"
          }
        },
        "descriptions" : {
          "en-US" : {
            "value" : "artifactusername"
          }
        },
        "type" : "string"
      }, {
        "name" : "artifactpassword",
        "displayName" : "artifactpassword",
        "description" : "artifactpassword",
        "required" : false,
        "confidential" : true,
        "displayNames" : {
          "en-US" : {
            "value" : "artifactpassword"
          }
        },
        "descriptions" : {
          "en-US" : {
            "value" : "artifactpassword"
          }
        },
        "type" : "string"
      }, {
        "name" : "port",
        "displayName" : "port",
        "description" : "port",
        "required" : false,
        "confidential" : false,
        "displayNames" : {
          "en-US" : {
            "value" : "port"
          }
        },
        "descriptions" : {
          "en-US" : {
            "value" : "port"
          }
        },
        "type" : "string"
      }, {
        "name" : "remotefilepath",
        "displayName" : "remotefilepath",
        "description" : "remotefilepath",
        "required" : true,
        "confidential" : false,
        "displayNames" : {
          "en-US" : {
            "value" : "remotefilepath"
          }
        },
        "descriptions" : {
          "en-US" : {
            "value" : "remotefilepath"
          }
        },
        "type" : "string"
      }, {
        "name" : "servicecommand",
        "displayName" : "servicecommand",
        "description" : "servicecommand",
        "required" : true,
        "confidential" : false,
        "displayNames" : {
          "en-US" : {
            "value" : "servicecommand"
          }
        },
        "descriptions" : {
          "en-US" : {
            "value" : "servicecommand"
          }
        },
        "type" : "string"
      }, {
        "name" : "dbhostname",
        "displayName" : "dbhostname",
        "description" : "dbhostname",
        "required" : false,
        "confidential" : false,
        "displayNames" : {
          "en-US" : {
            "value" : "dbhostname"
          }
        },
        "descriptions" : {
          "en-US" : {
            "value" : "dbhostname"
          }
        },
        "type" : "string"
      }, {
        "name" : "dbusername",
        "displayName" : "dbusername",
        "description" : "dbusername",
        "required" : false,
        "confidential" : false,
        "displayNames" : {
          "en-US" : {
            "value" : "dbusername"
          }
        },
        "descriptions" : {
          "en-US" : {
            "value" : "dbusername"
          }
        },
        "type" : "string"
      }, {
        "name" : "dbpassword",
        "displayName" : "dbpassword",
        "description" : "dbpassword",
        "required" : false,
        "confidential" : true,
        "displayNames" : {
          "en-US" : {
            "value" : "dbpassword"
          }
        },
        "descriptions" : {
          "en-US" : {
            "value" : "dbpassword"
          }
        },
        "type" : "string"
      }, {
        "name" : "apphostname",
        "displayName" : "apphostname",
        "description" : "apphostname",
        "required" : true,
        "confidential" : false,
        "displayNames" : {
          "en-US" : {
            "value" : "apphostname"
          }
        },
        "descriptions" : {
          "en-US" : {
            "value" : "apphostname"
          }
        },
        "type" : "string"
      }, {
        "name" : "hostusername",
        "displayName" : "hostusername",
        "description" : "hostusername",
        "required" : true,
        "confidential" : false,
        "displayNames" : {
          "en-US" : {
            "value" : "hostusername"
          }
        },
        "descriptions" : {
          "en-US" : {
            "value" : "hostusername"
          }
        },
        "type" : "string"
      }, {
        "name" : "hostpassword",
        "displayName" : "hostpassword",
        "description" : "hostpassword",
        "required" : true,
        "confidential" : true,
        "displayNames" : {
          "en-US" : {
            "value" : "hostpassword"
          }
        },
        "descriptions" : {
          "en-US" : {
            "value" : "hostpassword"
          }
        },
        "type" : "string"
      }, {
        "name" : "privatekeyPath",
        "displayName" : "privatekeyPath",
        "description" : "privatekeyPath",
        "required" : false,
        "confidential" : false,
        "displayNames" : {
          "en-US" : {
            "value" : "privatekeyPath"
          }
        },
        "descriptions" : {
          "en-US" : {
            "value" : "privatekeyPath"
          }
        },
        "type" : "string"
      }, {
        "name" : "artifacturl",
        "displayName" : "artifacturl",
        "description" : "artifacturl",
        "required" : false,
        "confidential" : false,
        "displayNames" : {
          "en-US" : {
            "value" : "artifacturl"
          }
        },
        "descriptions" : {
          "en-US" : {
            "value" : "artifacturl"
          }
        },
        "type" : "string"
      }, {
        "name" : "prev_artifacturl",
        "displayName" : "prev_artifacturl",
        "description" : "prev_artifacturl",
        "required" : false,
        "confidential" : false,
        "displayNames" : {
          "en-US" : {
            "value" : "prev_artifacturl"
          }
        },
        "descriptions" : {
          "en-US" : {
            "value" : "prev_artifacturl"
          }
        },
        "type" : "string"
      }, {
        "name" : "configurationurl",
        "displayName" : "configurationurl",
        "description" : "configurationurl",
        "required" : false,
        "confidential" : false,
        "displayNames" : {
          "en-US" : {
            "value" : "configurationurl"
          }
        },
        "descriptions" : {
          "en-US" : {
            "value" : "configurationurl"
          }
        },
        "type" : "string"
      }, {
        "name" : "prev_configurationurl",
        "displayName" : "prev_configurationurl",
        "description" : "prev_configurationurl",
        "required" : false,
        "confidential" : false,
        "displayNames" : {
          "en-US" : {
            "value" : "prev_configurationurl"
          }
        },
        "descriptions" : {
          "en-US" : {
            "value" : "prev_configurationurl"
          }
        },
        "type" : "string"
      }, {
        "name" : "tomcathome",
        "displayName" : "tomcathome",
        "description" : "tomcathome",
        "required" : true,
        "confidential" : false,
        "displayNames" : {
          "en-US" : {
            "value" : "tomcathome"
          }
        },
        "descriptions" : {
          "en-US" : {
            "value" : "tomcathome"
          }
        },
        "type" : "string"
      }, {
        "name" : "mysqlusername",
        "displayName" : "mysqlusername",
        "description" : "mysqlusername",
        "required" : false,
        "confidential" : false,
        "displayNames" : {
          "en-US" : {
            "value" : "mysqlusername"
          }
        },
        "descriptions" : {
          "en-US" : {
            "value" : "mysqlusername"
          }
        },
        "type" : "string"
      }, {
        "name" : "mysqlpassword",
        "displayName" : "mysqlpassword",
        "description" : "mysqlpassword",
        "required" : false,
        "confidential" : true,
        "displayNames" : {
          "en-US" : {
            "value" : "mysqlpassword"
          }
        },
        "descriptions" : {
          "en-US" : {
            "value" : "mysqlpassword"
          }
        },
        "type" : "string"
      } ],
      "outputParameters" : [ {
        "name" : "artifacturl",
        "displayName" : "artifacturl",
        "description" : "artifacturl",
        "required" : true,
        "confidential" : false,
        "displayNames" : {
          "en-US" : {
            "value" : "artifacturl"
          }
        },
        "descriptions" : {
          "en-US" : {
            "value" : "artifacturl"
          }
        },
        "type" : "string"
      }, {
        "name" : "configurationurl",
        "displayName" : "configurationurl",
        "description" : "configurationurl",
        "required" : true,
        "confidential" : false,
        "displayNames" : {
          "en-US" : {
            "value" : "configurationurl"
          }
        },
        "descriptions" : {
          "en-US" : {
            "value" : "configurationurl"
          }
        },
        "type" : "string"
      }, {
        "name" : "response",
        "displayName" : "response",
        "description" : "response",
        "required" : true,
        "confidential" : false,
        "displayNames" : {
          "en-US" : {
            "value" : "response"
          }
        },
        "descriptions" : {
          "en-US" : {
            "value" : "response"
          }
        },
        "type" : "string"
      }, {
        "name" : "result",
        "displayName" : "result",
        "description" : "result",
        "required" : true,
        "confidential" : false,
        "displayNames" : {
          "en-US" : {
            "value" : "result"
          }
        },
        "descriptions" : {
          "en-US" : {
            "value" : "result"
          }
        },
        "type" : "string"
      } ],
      "lifecycleAction" : "Unmodify",
      "final" : false,
      "visible" : false,
      "displayNames" : {
        "en-US" : {
          "value" : "Unmodify PetClinicApp"
        }
      },
      "descriptions" : {
        "en-US" : {
          "value" : "Unmodify PetClinicApp"
        }
      }
    },
    "processEngineDescriptors" : [ {
      "processEngineId" : "HP_OO",
      "mapping" : {
        "input" : {
          "configurationurl" : "@PROPERTY:configurationurl",
          "hostusername" : "@PROPERTY:hostedOn_PetClinicApplicationType__VERSION__1^50^0000__GROUPID__com^hp^csa^type.username",
          "mysqlusername" : "@PROPERTY:dbDetails_PetClinicApplicationType__VERSION__1^50^0000__GROUPID__com^hp^csa^type.mysqlusername",
          "prev_artifacturl" : "@PROPERTY:prev_artifacturl",
          "mysqlpassword" : "@PROPERTY:dbDetails_PetClinicApplicationType__VERSION__1^50^0000__GROUPID__com^hp^csa^type.mysqlpassword",
          "apphostname" : "@PROPERTY:hostedOn_PetClinicApplicationType__VERSION__1^50^0000__GROUPID__com^hp^csa^type.hostname",
          "artifactusername" : "@PROPERTY:artifactusername",
          "prev_configurationurl" : "@PROPERTY:prev_configurationurl",
          "artifactpassword" : "@PROPERTY:artifactpassword",
          "dbhostname" : "@PROPERTY:dbDetails_PetClinicApplicationType__VERSION__1^50^0000__GROUPID__com^hp^csa^type.hostname",
          "dbpassword" : "@PROPERTY:dbDetails_PetClinicApplicationType__VERSION__1^50^0000__GROUPID__com^hp^csa^type.password",
          "port" : "@PROPERTY:port",
          "tomcathome" : "@PROPERTY:hostedOn_PetClinicApplicationType__VERSION__1^50^0000__GROUPID__com^hp^csa^type.installPath",
          "artifacturl" : "@PROPERTY:artifacturl",
          "dbusername" : "@PROPERTY:dbDetails_PetClinicApplicationType__VERSION__1^50^0000__GROUPID__com^hp^csa^type.username",
          "privatekeyPath" : "@PROPERTY:privatekeyPath",
          "remotefilepath" : "@PROPERTY:remotefilepath",
          "servicecommand" : "@PROPERTY:servicecommand",
          "hostpassword" : "@PROPERTY:hostedOn_PetClinicApplicationType__VERSION__1^50^0000__GROUPID__com^hp^csa^type.password"
        },
        "output" : {
          "configurationurl" : "@PROPERTY:configurationurl",
          "result" : "@PROPERTY:result",
          "response" : "@PROPERTY:response",
          "artifacturl" : "@PROPERTY:artifacturl"
        }
      },
      "executableId" : "5e331180-8bd9-4b88-9f69-7d89033b9bfa"
    } ]
  } ],
  "relations" : [ ],
  "properties" : [ ],
  "revision" : 28,
  "resourceType" : "PETCLINICAPPLICATION",
  "displayNames" : {
    "en-US" : {
      "value" : "PetClinic Application"
    }
  },
  "descriptions" : {
    "en-US" : {
      "value" : "PetClinic Application"
    }
  }
}