<?xml version="1.0" encoding="UTF-8" standalone="yes"?><ServiceBlueprint><id>250daa0e197b473a9699bcda600bbd7c</id><objectId>250daa0e197b473a9699bcda600bbd7c</objectId><createdOn>2016-09-01T09:20:35.334-07:00</createdOn><updatedOn>2016-09-01T09:33:21.090-07:00</updatedOn><createdBy><id>05ce22723ff548348d746fc5652e4368</id><objectId>05ce22723ff548348d746fc5652e4368</objectId><isCriticalSystemObject>false</isCriticalSystemObject><name>csaintgadmin</name><displayName>csaintgadmin</displayName><disabled>false</disabled><validUpgrade>false</validUpgrade></createdBy><updatedBy><id>05ce22723ff548348d746fc5652e4368</id><objectId>05ce22723ff548348d746fc5652e4368</objectId><isCriticalSystemObject>false</isCriticalSystemObject><name>csaintgadmin</name><displayName>csaintgadmin</displayName><disabled>false</disabled><validUpgrade>false</validUpgrade></updatedBy><isCriticalSystemObject>false</isCriticalSystemObject><description>A two-tier PetClinic Application with Database component installed on MySQL and Application component on Tomcat Server. These components are deployed on vCenter Servers.</description><iconUrl>/csa/images/library/pets.png</iconUrl><name>e7b1e948-3c62-4e73-bc06-88a9a0464d9d</name><displayName>PetClinic Application on vCenter - Released</displayName><state><id>90d96588360da0c701360da0ef470038</id><objectId>90d96588360da0c701360da0ef470038</objectId><createdOn>2016-07-14T23:27:23.016-07:00</createdOn><isCriticalSystemObject>true</isCriticalSystemObject><description>Active</description><iconUrl>/csa/images/categories/artifact_state/active.png</iconUrl><name>ACTIVE</name><displayName>Active</displayName><disabled>false</disabled><categoryType><id>90d96588360da0c701360da0ef420037</id><objectId>90d96588360da0c701360da0ef420037</objectId><isCriticalSystemObject>true</isCriticalSystemObject><description>Artifact State</description><name>ARTIFACT_STATE</name><displayName>Artifact State</displayName><extensible>false</extensible></categoryType></state><optionModel><id>9efcd2870318465b87d7eaed46dced8a</id><objectId>9efcd2870318465b87d7eaed46dced8a</objectId><createdOn>2016-09-01T09:20:36.058-07:00</createdOn><updatedOn>2016-09-01T09:33:21.090-07:00</updatedOn><createdBy><id>05ce22723ff548348d746fc5652e4368</id><objectId>05ce22723ff548348d746fc5652e4368</objectId><isCriticalSystemObject>false</isCriticalSystemObject><name>csaintgadmin</name><displayName>csaintgadmin</displayName><disabled>false</disabled><validUpgrade>false</validUpgrade></createdBy><updatedBy><id>05ce22723ff548348d746fc5652e4368</id><objectId>05ce22723ff548348d746fc5652e4368</objectId><isCriticalSystemObject>false</isCriticalSystemObject><name>csaintgadmin</name><displayName>csaintgadmin</displayName><disabled>false</disabled><validUpgrade>false</validUpgrade></updatedBy><isCriticalSystemObject>false</isCriticalSystemObject><name>PetClinic Application with Load Balancer</name><upgradeLocked>false</upgradeLocked></optionModel><artifactType><id>75f747551889482f8868215847d06620</id><objectId>75f747551889482f8868215847d06620</objectId><createdOn>2016-07-14T23:27:23.016-07:00</createdOn><isCriticalSystemObject>true</isCriticalSystemObject><description>Topology Service Blueprint</description><iconUrl>/csa/images/categories/artifact_type/service_blueprint.png</iconUrl><name>TOPOLOGY_SERVICE_BLUEPRINT</name><displayName>Topology Service Blueprint</displayName><disabled>false</disabled><categoryType><id>90d96588360da0c701360da0eeb40017</id><objectId>90d96588360da0c701360da0eeb40017</objectId><isCriticalSystemObject>true</isCriticalSystemObject><description>Artifact Type</description><name>ARTIFACT_TYPE</name><displayName>Artifact Type</displayName><extensible>false</extensible></categoryType></artifactType><disabled>false</disabled><artifactContainer><id>be56c5206e90486ab2ae1d46a5f5632f</id><objectId>be56c5206e90486ab2ae1d46a5f5632f</objectId><isCriticalSystemObject>false</isCriticalSystemObject><description>A two-tier PetClinic Application with Database component installed on MySQL and Application component on Tomcat Server. These components are deployed on vCenter Servers.</description><iconUrl>/csa/images/library/pets.png</iconUrl><name>41a1ca65bacb471992db0ecf538f3193</name><displayName>PetClinic Application on vCenter - Released</displayName><disabled>false</disabled><validUpgrade>false</validUpgrade></artifactContainer><tag><id>8a818cf8ara15bc772b0145cb6efjhg99</id><createdOn>2016-07-14T23:27:27.805-07:00</createdOn><updatedOn>2016-07-14T23:27:27.805-07:00</updatedOn><isCriticalSystemObject>false</isCriticalSystemObject><description>Application Designs</description><detailedDescription>Any design associated with this tag is treated as Codar pipeline managed design</detailedDescription><iconUrl>images/library/management-darkgray.svg</iconUrl><name>Codar Application</name><displayName>Application</displayName><color></color><artifactType><id>9029ddc453e14f5aa8319d8a34d091b7</id><createdOn>2016-07-14T23:27:23.016-07:00</createdOn><isCriticalSystemObject>true</isCriticalSystemObject><description>Application Artifact Container</description><iconUrl>/csa/images/categories/artifact_type/application_artifact_container.png</iconUrl><name>APPLICATION_ARTIFACT_CONTAINER</name><displayName>Application Artifact Container</displayName><disabled>false</disabled><categoryType><id>90d96588360da0c701360da0eeb40017</id><createdOn>2016-07-14T23:27:22.907-07:00</createdOn><isCriticalSystemObject>true</isCriticalSystemObject><description>Artifact Type</description><name>ARTIFACT_TYPE</name><displayName>Artifact Type</displayName><extensible>false</extensible></categoryType></artifactType><versionNumber>1</versionNumber></tag><validUpgrade>false</validUpgrade><componentRoot><id>ee5312852a1f40ceba3d7a420dd94a29</id><objectId>ee5312852a1f40ceba3d7a420dd94a29</objectId><createdOn>2016-09-01T09:20:35.188-07:00</createdOn><updatedOn>2016-09-01T09:33:21.090-07:00</updatedOn><createdBy><id>90d96588360da0c701360da0f1d600a1</id><objectId>90d96588360da0c701360da0f1d600a1</objectId><isCriticalSystemObject>true</isCriticalSystemObject><description>admin</description><iconUrl>http://localhost/admin</iconUrl><name>admin</name><displayName>admin</displayName><disabled>false</disabled><validUpgrade>false</validUpgrade></createdBy><updatedBy><id>05ce22723ff548348d746fc5652e4368</id><objectId>05ce22723ff548348d746fc5652e4368</objectId><isCriticalSystemObject>false</isCriticalSystemObject><name>csaintgadmin</name><displayName>csaintgadmin</displayName><disabled>false</disabled><validUpgrade>false</validUpgrade></updatedBy><isCriticalSystemObject>false</isCriticalSystemObject><description>The root component of a service design and represents all the service components HPE CSA needs to realize the infrastructure and applications required for the service.</description><detailedDescription>Service Composite</detailedDescription><iconUrl>/csa/images/categories/component_type/service_composite.png</iconUrl><name>SERVICE_COMPOSITE__Thu Sep 01 09:20:35 PDT 2016</name><displayName>Service Composite</displayName><property><id>4473c99db3c748b6b5b4ccb7f6f9e115</id><objectId>4473c99db3c748b6b5b4ccb7f6f9e115</objectId><createdOn>2016-09-01T09:20:35.333-07:00</createdOn><updatedOn>2016-09-01T09:33:21.091-07:00</updatedOn><createdBy><id>05ce22723ff548348d746fc5652e4368</id><objectId>05ce22723ff548348d746fc5652e4368</objectId><isCriticalSystemObject>false</isCriticalSystemObject><name>csaintgadmin</name><displayName>csaintgadmin</displayName><disabled>false</disabled><validUpgrade>false</validUpgrade></createdBy><updatedBy><id>05ce22723ff548348d746fc5652e4368</id><objectId>05ce22723ff548348d746fc5652e4368</objectId><isCriticalSystemObject>false</isCriticalSystemObject><name>csaintgadmin</name><displayName>csaintgadmin</displayName><disabled>false</disabled><validUpgrade>false</validUpgrade></updatedBy><isCriticalSystemObject>false</isCriticalSystemObject><name>published</name><valueType><id>90d96588360da0c701360da0efa5004f</id><objectId>90d96588360da0c701360da0efa5004f</objectId><createdOn>2016-07-14T23:27:23.016-07:00</createdOn><isCriticalSystemObject>true</isCriticalSystemObject><description>Boolean</description><iconUrl>/csa/images/categories/value_type/boolean.png</iconUrl><name>BOOLEAN</name><displayName>Boolean</displayName><disabled>false</disabled><categoryType><id>90d96588360da0c701360da0efa0004e</id><objectId>90d96588360da0c701360da0efa0004e</objectId><isCriticalSystemObject>true</isCriticalSystemObject><description>Value Type</description><name>VALUE_TYPE</name><displayName>Value Type</displayName><extensible>false</extensible></categoryType></valueType><values><id>c0cf17071700449eb870033552495d94</id><createdOn>2016-09-01T09:20:35.334-07:00</createdOn><updatedOn>2016-09-01T09:33:21.091-07:00</updatedOn><createdBy><id>05ce22723ff548348d746fc5652e4368</id><objectId>05ce22723ff548348d746fc5652e4368</objectId><isCriticalSystemObject>false</isCriticalSystemObject><name>csaintgadmin</name><displayName>csaintgadmin</displayName><disabled>false</disabled><validUpgrade>false</validUpgrade></createdBy><updatedBy><id>05ce22723ff548348d746fc5652e4368</id><objectId>05ce22723ff548348d746fc5652e4368</objectId><isCriticalSystemObject>false</isCriticalSystemObject><name>csaintgadmin</name><displayName>csaintgadmin</displayName><disabled>false</disabled><validUpgrade>false</validUpgrade></updatedBy><value>false</value><orderIndex>-1</orderIndex></values><maxOccurs>1</maxOccurs><minOccurs>0</minOccurs><orderIndex>-1</orderIndex><confidential>false</confidential><encrypted>false</encrypted><consumerReadOnly>false</consumerReadOnly><consumerVisible>false</consumerVisible><measurable>false</measurable><multiplied>false</multiplied><upgradeLocked>false</upgradeLocked></property><property><id>03cea030bfbf425485412efd0c448ae8</id><objectId>03cea030bfbf425485412efd0c448ae8</objectId><createdOn>2016-09-01T09:20:35.333-07:00</createdOn><updatedOn>2016-09-01T09:33:21.091-07:00</updatedOn><createdBy><id>05ce22723ff548348d746fc5652e4368</id><objectId>05ce22723ff548348d746fc5652e4368</objectId><isCriticalSystemObject>false</isCriticalSystemObject><name>csaintgadmin</name><displayName>csaintgadmin</displayName><disabled>false</disabled><validUpgrade>false</validUpgrade></createdBy><updatedBy><id>05ce22723ff548348d746fc5652e4368</id><objectId>05ce22723ff548348d746fc5652e4368</objectId><isCriticalSystemObject>false</isCriticalSystemObject><name>csaintgadmin</name><displayName>csaintgadmin</displayName><disabled>false</disabled><validUpgrade>false</validUpgrade></updatedBy><isCriticalSystemObject>false</isCriticalSystemObject><name>topologyId</name><valueType><id>90d96588360da0c701360da0efb50054</id><objectId>90d96588360da0c701360da0efb50054</objectId><createdOn>2016-07-14T23:27:23.016-07:00</createdOn><isCriticalSystemObject>true</isCriticalSystemObject><description>String</description><iconUrl>/csa/images/categories/value_type/string.png</iconUrl><name>STRING</name><displayName>String</displayName><disabled>false</disabled><categoryType><id>90d96588360da0c701360da0efa0004e</id><objectId>90d96588360da0c701360da0efa0004e</objectId><isCriticalSystemObject>true</isCriticalSystemObject><description>Value Type</description><name>VALUE_TYPE</name><displayName>Value Type</displayName><extensible>false</extensible></categoryType></valueType><values><id>f0602bf1f7d248f7b809ac570f3841bd</id><createdOn>2016-09-01T09:20:35.333-07:00</createdOn><updatedOn>2016-09-01T09:33:21.091-07:00</updatedOn><createdBy><id>05ce22723ff548348d746fc5652e4368</id><objectId>05ce22723ff548348d746fc5652e4368</objectId><isCriticalSystemObject>false</isCriticalSystemObject><name>csaintgadmin</name><displayName>csaintgadmin</displayName><disabled>false</disabled><validUpgrade>false</validUpgrade></createdBy><updatedBy><id>05ce22723ff548348d746fc5652e4368</id><objectId>05ce22723ff548348d746fc5652e4368</objectId><isCriticalSystemObject>false</isCriticalSystemObject><name>csaintgadmin</name><displayName>csaintgadmin</displayName><disabled>false</disabled><validUpgrade>false</validUpgrade></updatedBy><value>55b9986a-f4b6-46ba-a6a8-8ff37ade2d12</value><orderIndex>-1</orderIndex></values><maxOccurs>1</maxOccurs><minOccurs>0</minOccurs><orderIndex>-1</orderIndex><confidential>false</confidential><encrypted>false</encrypted><consumerReadOnly>false</consumerReadOnly><consumerVisible>false</consumerVisible><measurable>false</measurable><multiplied>false</multiplied><upgradeLocked>false</upgradeLocked></property><state><id>90d96588360da0c701360da0ef470038</id><objectId>90d96588360da0c701360da0ef470038</objectId><createdOn>2016-07-14T23:27:23.016-07:00</createdOn><isCriticalSystemObject>true</isCriticalSystemObject><description>Active</description><iconUrl>/csa/images/categories/artifact_state/active.png</iconUrl><name>ACTIVE</name><displayName>Active</displayName><disabled>false</disabled><categoryType><id>90d96588360da0c701360da0ef420037</id><objectId>90d96588360da0c701360da0ef420037</objectId><isCriticalSystemObject>true</isCriticalSystemObject><description>Artifact State</description><name>ARTIFACT_STATE</name><displayName>Artifact State</displayName><extensible>false</extensible></categoryType></state><artifactType><id>90d96588360da0c701360da0eec8001a</id><objectId>90d96588360da0c701360da0eec8001a</objectId><createdOn>2016-07-14T23:27:23.016-07:00</createdOn><isCriticalSystemObject>true</isCriticalSystemObject><description>Service Component</description><iconUrl>/csa/images/categories/artifact_type/service_component.png</iconUrl><name>SERVICE_COMPONENT</name><displayName>Service Component</displayName><disabled>false</disabled><categoryType><id>90d96588360da0c701360da0eeb40017</id><objectId>90d96588360da0c701360da0eeb40017</objectId><isCriticalSystemObject>true</isCriticalSystemObject><description>Artifact Type</description><name>ARTIFACT_TYPE</name><displayName>Artifact Type</displayName><extensible>false</extensible></categoryType></artifactType><ownedBy><id>90d96588360da0c701360da0f15b009e</id><objectId>90d96588360da0c701360da0f15b009e</objectId><isCriticalSystemObject>true</isCriticalSystemObject><description>Provider Organization</description><iconUrl>https://codar17test.americas.hpqcorp.net:8444/csa/images/library/hpe_logo.png</iconUrl><name>Provider</name><displayName>Provider</displayName><disabled>false</disabled><validUpgrade>false</validUpgrade></ownedBy><disabled>false</disabled><isOutOfSync>false</isOutOfSync><derivedFrom xmlns:xsi="http://www.w3.org/2001/XMLSchema-instance" xsi:type="serviceComponentVO"><id>90d96588360da0c701360da0f20d00ad</id><objectId>90d96588360da0c701360da0f20d00ad</objectId><isCriticalSystemObject>true</isCriticalSystemObject><description>The root component of a service design and represents all the service components HPE CSA needs to realize the infrastructure and applications required for the service.</description><iconUrl>/csa/images/categories/component_type/service_composite.png</iconUrl><name>SERVICE_COMPOSITE</name><displayName>Service Composite</displayName><disabled>false</disabled><validUpgrade>false</validUpgrade><pattern>false</pattern><licensable>false</licensable><createdFromPattern>false</createdFromPattern><toFinalize>false</toFinalize><consumerVisible>true</consumerVisible><upgradeLocked>false</upgradeLocked><isValid>true</isValid></derivedFrom><validUpgrade>false</validUpgrade><lifecycleProperties><id>6ea11be7e00e45859cd721d9cad58d55</id><createdOn>2016-09-01T09:20:35.188-07:00</createdOn><updatedOn>2016-09-01T09:33:21.090-07:00</updatedOn><createdBy><id>90d96588360da0c701360da0f1d600a1</id><objectId>90d96588360da0c701360da0f1d600a1</objectId><isCriticalSystemObject>true</isCriticalSystemObject><description>admin</description><iconUrl>http://localhost/admin</iconUrl><name>admin</name><displayName>admin</displayName><disabled>false</disabled><validUpgrade>false</validUpgrade></createdBy><updatedBy><id>05ce22723ff548348d746fc5652e4368</id><objectId>05ce22723ff548348d746fc5652e4368</objectId><isCriticalSystemObject>false</isCriticalSystemObject><name>csaintgadmin</name><displayName>csaintgadmin</displayName><disabled>false</disabled><validUpgrade>false</validUpgrade></updatedBy><lifecycleComponentOrder>1</lifecycleComponentOrder><lifecycleState><id>90d96588360da0c701360da0f22000b2</id><objectId>90d96588360da0c701360da0f22000b2</objectId><createdOn>2016-07-14T23:27:23.016-07:00</createdOn><isCriticalSystemObject>true</isCriticalSystemObject><description>Described</description><iconUrl>/csa/images/categories/lifecycle_state/described.png</iconUrl><name>DESCRIBED</name><displayName>Described</displayName><disabled>false</disabled><categoryType><id>90d96588360da0c701360da0f21300ae</id><objectId>90d96588360da0c701360da0f21300ae</objectId><isCriticalSystemObject>true</isCriticalSystemObject><description>Lifecycle State</description><name>LIFECYCLE_STATE</name><displayName>Lifecycle State</displayName><extensible>false</extensible></categoryType></lifecycleState><lifecycleSubstate><id>90d96588360da0c701360da0f24200bd</id><objectId>90d96588360da0c701360da0f24200bd</objectId><createdOn>2016-07-14T23:27:23.016-07:00</createdOn><isCriticalSystemObject>true</isCriticalSystemObject><description>Pre Transition</description><iconUrl>/csa/images/categories/lifecycle_substate/pre_transition.png</iconUrl><name>PRE_TRANSITION</name><displayName>Pre Transition</displayName><disabled>false</disabled><categoryType><id>90d96588360da0c701360da0f23e00bc</id><objectId>90d96588360da0c701360da0f23e00bc</objectId><isCriticalSystemObject>true</isCriticalSystemObject><description>Lifecycle Substate</description><name>LIFECYCLE_SUBSTATE</name><displayName>Lifecycle Substate</displayName><extensible>false</extensible></categoryType></lifecycleSubstate><paused>false</paused></lifecycleProperties><componentType><id>90d96588360da0c701360da0f20d00ad</id><objectId>90d96588360da0c701360da0f20d00ad</objectId><createdOn>2016-07-14T23:27:23.016-07:00</createdOn><isCriticalSystemObject>true</isCriticalSystemObject><description>The root component of a service design and represents all the service components HPE CSA needs to realize the infrastructure and applications required for the service.</description><detailedDescription>Service Composite</detailedDescription><iconUrl>/csa/images/categories/component_type/service_composite.png</iconUrl><name>SERVICE_COMPOSITE</name><displayName>Service Composite</displayName><disabled>false</disabled><categoryType><id>90d96588360da0c701360da0f1fa00a7</id><objectId>90d96588360da0c701360da0f1fa00a7</objectId><isCriticalSystemObject>true</isCriticalSystemObject><description>Component Type</description><name>COMPONENT_TYPE</name><displayName>Component Type</displayName><extensible>true</extensible></categoryType></componentType><pattern>false</pattern><licensable>false</licensable><createdFromPattern>false</createdFromPattern><toFinalize>false</toFinalize><consumerVisible>true</consumerVisible><x>0</x><y>0</y><upgradeLocked>false</upgradeLocked><isValid>true</isValid></componentRoot><sourceType><id>BD0BC4E6C79FDEB2E04059106D1A5B6A</id><objectId>BD0BC4E6C79FDEB2E04059106D1A5B6A</objectId><createdOn>2016-07-14T23:27:23.016-07:00</createdOn><isCriticalSystemObject>true</isCriticalSystemObject><description>This design was created and is managed by HPE CSA.</description><iconUrl>/csa/images/categories/sourcetype/internal.png</iconUrl><name>INTERNAL</name><displayName>HPE CSA</displayName><disabled>false</disabled><categoryType><id>BD0BC4E6C79BDEB2E04059106D1A5B4E</id><objectId>BD0BC4E6C79BDEB2E04059106D1A5B4E</objectId><isCriticalSystemObject>false</isCriticalSystemObject><description>Source Type</description><name>SOURCE_TYPE</name><displayName>Source Type</displayName><extensible>true</extensible></categoryType></sourceType><serviceDesignerExperienceType><id>90cec76e3fd3cff2013fd3d066f306bf</id><objectId>90cec76e3fd3cff2013fd3d066f306bf</objectId><createdOn>2016-07-14T23:27:23.016-07:00</createdOn><isCriticalSystemObject>true</isCriticalSystemObject><description>Topology based designer experience</description><iconUrl></iconUrl><name>TOPOLOGY_BASED</name><displayName>Topology Based</displayName><disabled>false</disabled><categoryType><id>90cec76e3fd3ce38013fd3cea5bf081a</id><objectId>90cec76e3fd3ce38013fd3cea5bf081a</objectId><isCriticalSystemObject>true</isCriticalSystemObject><description>Service Designer Experience Type</description><name>SERVICE_DESIGNER_EXPER_TYPE</name><displayName>Service Designer Experience Type</displayName><extensible>true</extensible></categoryType></serviceDesignerExperienceType><containerId>be56c5206e90486ab2ae1d46a5f5632f</containerId><version>1.70.0000</version><valid>false</valid><published>false</published><graph>false</graph></ServiceBlueprint>